section,object_name,detail_type,details
SA00_env_verification,environment,env,"{""pg_version"":""PostgreSQL 17.6 on aarch64-unknown-linux-gnu, compiled by gcc (GCC) 15.2.0, 64-bit"",""current_user"":""postgres"",""session_user"":""postgres"",""inspection_file"":""d11-additional-authority-inspection-single-result.sql"",""current_database"":""postgres"",""inspection_timestamp"":""2026-07-31 21:22:49.125216+00"",""transaction_read_only"":""on""}"
SA01_all_public_routines,public.set_subjects_updated_at(),routine_identity,"{""oid"":""26342"",""cost"":100,""rows"":0,""owner"":""postgres"",""strict"":false,""prokind"":""f"",""proname"":""set_subjects_updated_at"",""language"":""plpgsql"",""parallel"":""u"",""pronargs"":0,""leakproof"":false,""proconfig"":null,""proacl_raw"":""{=X/postgres,postgres=X/postgres,anon=X/postgres,authenticated=X/postgres,service_role=X/postgres}"",""volatility"":""v"",""return_type"":""trigger"",""full_arguments"":"""",""proacl_is_null"":false,""security_definer"":false,""identity_arguments"":""""}"
SA01_all_public_routines,public.set_user_profiles_updated_at(),routine_identity,"{""oid"":""26241"",""cost"":100,""rows"":0,""owner"":""postgres"",""strict"":false,""prokind"":""f"",""proname"":""set_user_profiles_updated_at"",""language"":""plpgsql"",""parallel"":""u"",""pronargs"":0,""leakproof"":false,""proconfig"":null,""proacl_raw"":""{=X/postgres,postgres=X/postgres,anon=X/postgres,authenticated=X/postgres,service_role=X/postgres}"",""volatility"":""v"",""return_type"":""trigger"",""full_arguments"":"""",""proacl_is_null"":false,""security_definer"":false,""identity_arguments"":""""}"
SA01_all_public_routines,public.sync_user_profiles_identity(),routine_identity,"{""oid"":""26256"",""cost"":100,""rows"":0,""owner"":""postgres"",""strict"":false,""prokind"":""f"",""proname"":""sync_user_profiles_identity"",""language"":""plpgsql"",""parallel"":""u"",""pronargs"":0,""leakproof"":false,""proconfig"":null,""proacl_raw"":""{=X/postgres,postgres=X/postgres,anon=X/postgres,authenticated=X/postgres,service_role=X/postgres}"",""volatility"":""v"",""return_type"":""trigger"",""full_arguments"":"""",""proacl_is_null"":false,""security_definer"":false,""identity_arguments"":""""}"
SA01_all_public_routines,public.update_updated_at(),routine_identity,"{""oid"":""17582"",""cost"":100,""rows"":0,""owner"":""postgres"",""strict"":false,""prokind"":""f"",""proname"":""update_updated_at"",""language"":""plpgsql"",""parallel"":""u"",""pronargs"":0,""leakproof"":false,""proconfig"":null,""proacl_raw"":""{=X/postgres,postgres=X/postgres,anon=X/postgres,authenticated=X/postgres,service_role=X/postgres}"",""volatility"":""v"",""return_type"":""trigger"",""full_arguments"":"""",""proacl_is_null"":false,""security_definer"":false,""identity_arguments"":""""}"
SA01_all_public_routines,public.validate_resource_subject_ownership(),routine_identity,"{""oid"":""26339"",""cost"":100,""rows"":0,""owner"":""postgres"",""strict"":false,""prokind"":""f"",""proname"":""validate_resource_subject_ownership"",""language"":""plpgsql"",""parallel"":""u"",""pronargs"":0,""leakproof"":false,""proconfig"":""{search_path=public}"",""proacl_raw"":""{=X/postgres,postgres=X/postgres,anon=X/postgres,authenticated=X/postgres,service_role=X/postgres}"",""volatility"":""v"",""return_type"":""trigger"",""full_arguments"":"""",""proacl_is_null"":false,""security_definer"":false,""identity_arguments"":""""}"
SA02_routine_source,public.set_subjects_updated_at(),routine_source,"{""prosrc"":""\nBEGIN\n  NEW.updated_at = now();\n  RETURN NEW;\nEND;\n"",""prokind"":""f"",""proname"":""set_subjects_updated_at"",""full_definition"":""CREATE OR REPLACE FUNCTION public.set_subjects_updated_at()\n RETURNS trigger\n LANGUAGE plpgsql\nAS $function$\nBEGIN\n  NEW.updated_at = now();\n  RETURN NEW;\nEND;\n$function$\n""}"
SA02_routine_source,public.set_user_profiles_updated_at(),routine_source,"{""prosrc"":""\nBEGIN\n  NEW.updated_at = now();\n  RETURN NEW;\nEND;\n"",""prokind"":""f"",""proname"":""set_user_profiles_updated_at"",""full_definition"":""CREATE OR REPLACE FUNCTION public.set_user_profiles_updated_at()\n RETURNS trigger\n LANGUAGE plpgsql\nAS $function$\nBEGIN\n  NEW.updated_at = now();\n  RETURN NEW;\nEND;\n$function$\n""}"
SA02_routine_source,public.sync_user_profiles_identity(),routine_source,"{""prosrc"":""\nBEGIN\n  -- If app sends user_id, force id to match it.\n  IF NEW.user_id IS NOT NULL THEN\n    NEW.id := NEW.user_id;\n  END IF;\n\n  -- If old code sends id but not user_id, copy id into user_id.\n  IF NEW.user_id IS NULL AND NEW.id IS NOT NULL THEN\n    NEW.user_id := NEW.id;\n  END IF;\n\n  RETURN NEW;\nEND;\n"",""prokind"":""f"",""proname"":""sync_user_profiles_identity"",""full_definition"":""CREATE OR REPLACE FUNCTION public.sync_user_profiles_identity()\n RETURNS trigger\n LANGUAGE plpgsql\nAS $function$\nBEGIN\n  -- If app sends user_id, force id to match it.\n  IF NEW.user_id IS NOT NULL THEN\n    NEW.id := NEW.user_id;\n  END IF;\n\n  -- If old code sends id but not user_id, copy id into user_id.\n  IF NEW.user_id IS NULL AND NEW.id IS NOT NULL THEN\n    NEW.user_id := NEW.id;\n  END IF;\n\n  RETURN NEW;\nEND;\n$function$\n""}"
SA02_routine_source,public.update_updated_at(),routine_source,"{""prosrc"":""\nbegin\n  new.updated_at = now();\n  return new;\nend;\n"",""prokind"":""f"",""proname"":""update_updated_at"",""full_definition"":""CREATE OR REPLACE FUNCTION public.update_updated_at()\n RETURNS trigger\n LANGUAGE plpgsql\nAS $function$\nbegin\n  new.updated_at = now();\n  return new;\nend;\n$function$\n""}"
SA02_routine_source,public.validate_resource_subject_ownership(),routine_source,"{""prosrc"":""\nBEGIN\n  IF NEW.subject_id IS NOT NULL\n     AND NOT EXISTS (\n       SELECT 1\n       FROM public.subjects s\n       WHERE s.id = NEW.subject_id\n         AND s.user_id = NEW.user_id\n     )\n  THEN\n    RAISE EXCEPTION 'Selected subject does not belong to the resource owner';\n  END IF;\n\n  RETURN NEW;\nEND;\n"",""prokind"":""f"",""proname"":""validate_resource_subject_ownership"",""full_definition"":""CREATE OR REPLACE FUNCTION public.validate_resource_subject_ownership()\n RETURNS trigger\n LANGUAGE plpgsql\n SET search_path TO 'public'\nAS $function$\nBEGIN\n  IF NEW.subject_id IS NOT NULL\n     AND NOT EXISTS (\n       SELECT 1\n       FROM public.subjects s\n       WHERE s.id = NEW.subject_id\n         AND s.user_id = NEW.user_id\n     )\n  THEN\n    RAISE EXCEPTION 'Selected subject does not belong to the resource owner';\n  END IF;\n\n  RETURN NEW;\nEND;\n$function$\n""}"
SA03_routine_arguments,public.set_subjects_updated_at(),routine_arguments,"{""proname"":""set_subjects_updated_at"",""pronargs"":0,""proargmodes"":null,""proargnames"":null,""proargtypes"":"""",""proallargtypes"":null,""proargdefaults"":null,""pronargdefaults"":0}"
SA03_routine_arguments,public.set_user_profiles_updated_at(),routine_arguments,"{""proname"":""set_user_profiles_updated_at"",""pronargs"":0,""proargmodes"":null,""proargnames"":null,""proargtypes"":"""",""proallargtypes"":null,""proargdefaults"":null,""pronargdefaults"":0}"
SA03_routine_arguments,public.sync_user_profiles_identity(),routine_arguments,"{""proname"":""sync_user_profiles_identity"",""pronargs"":0,""proargmodes"":null,""proargnames"":null,""proargtypes"":"""",""proallargtypes"":null,""proargdefaults"":null,""pronargdefaults"":0}"
SA03_routine_arguments,public.update_updated_at(),routine_arguments,"{""proname"":""update_updated_at"",""pronargs"":0,""proargmodes"":null,""proargnames"":null,""proargtypes"":"""",""proallargtypes"":null,""proargdefaults"":null,""pronargdefaults"":0}"
SA03_routine_arguments,public.validate_resource_subject_ownership(),routine_arguments,"{""proname"":""validate_resource_subject_ownership"",""pronargs"":0,""proargmodes"":null,""proargnames"":null,""proargtypes"":"""",""proallargtypes"":null,""proargdefaults"":null,""pronargdefaults"":0}"
SA04_routine_execute_grants,public.set_subjects_updated_at(),execute_grant,"{""grantee"":""service_role"",""grantor"":""postgres"",""proname"":""set_subjects_updated_at"",""is_grantable"":false,""privilege_type"":""EXECUTE""}"
SA04_routine_execute_grants,public.set_subjects_updated_at(),execute_grant,"{""grantee"":""authenticated"",""grantor"":""postgres"",""proname"":""set_subjects_updated_at"",""is_grantable"":false,""privilege_type"":""EXECUTE""}"
SA04_routine_execute_grants,public.set_subjects_updated_at(),execute_grant,"{""grantee"":""anon"",""grantor"":""postgres"",""proname"":""set_subjects_updated_at"",""is_grantable"":false,""privilege_type"":""EXECUTE""}"
SA04_routine_execute_grants,public.set_subjects_updated_at(),execute_grant,"{""grantee"":""postgres"",""grantor"":""postgres"",""proname"":""set_subjects_updated_at"",""is_grantable"":false,""privilege_type"":""EXECUTE""}"
SA04_routine_execute_grants,public.set_subjects_updated_at(),execute_grant,"{""grantee"":""unknown (OID=0)"",""grantor"":""postgres"",""proname"":""set_subjects_updated_at"",""is_grantable"":false,""privilege_type"":""EXECUTE""}"
SA04_routine_execute_grants,public.set_user_profiles_updated_at(),execute_grant,"{""grantee"":""postgres"",""grantor"":""postgres"",""proname"":""set_user_profiles_updated_at"",""is_grantable"":false,""privilege_type"":""EXECUTE""}"
SA04_routine_execute_grants,public.set_user_profiles_updated_at(),execute_grant,"{""grantee"":""unknown (OID=0)"",""grantor"":""postgres"",""proname"":""set_user_profiles_updated_at"",""is_grantable"":false,""privilege_type"":""EXECUTE""}"
SA04_routine_execute_grants,public.set_user_profiles_updated_at(),execute_grant,"{""grantee"":""anon"",""grantor"":""postgres"",""proname"":""set_user_profiles_updated_at"",""is_grantable"":false,""privilege_type"":""EXECUTE""}"
SA04_routine_execute_grants,public.set_user_profiles_updated_at(),execute_grant,"{""grantee"":""authenticated"",""grantor"":""postgres"",""proname"":""set_user_profiles_updated_at"",""is_grantable"":false,""privilege_type"":""EXECUTE""}"
SA04_routine_execute_grants,public.set_user_profiles_updated_at(),execute_grant,"{""grantee"":""service_role"",""grantor"":""postgres"",""proname"":""set_user_profiles_updated_at"",""is_grantable"":false,""privilege_type"":""EXECUTE""}"
SA04_routine_execute_grants,public.sync_user_profiles_identity(),execute_grant,"{""grantee"":""postgres"",""grantor"":""postgres"",""proname"":""sync_user_profiles_identity"",""is_grantable"":false,""privilege_type"":""EXECUTE""}"
SA04_routine_execute_grants,public.sync_user_profiles_identity(),execute_grant,"{""grantee"":""unknown (OID=0)"",""grantor"":""postgres"",""proname"":""sync_user_profiles_identity"",""is_grantable"":false,""privilege_type"":""EXECUTE""}"
SA04_routine_execute_grants,public.sync_user_profiles_identity(),execute_grant,"{""grantee"":""anon"",""grantor"":""postgres"",""proname"":""sync_user_profiles_identity"",""is_grantable"":false,""privilege_type"":""EXECUTE""}"
SA04_routine_execute_grants,public.sync_user_profiles_identity(),execute_grant,"{""grantee"":""authenticated"",""grantor"":""postgres"",""proname"":""sync_user_profiles_identity"",""is_grantable"":false,""privilege_type"":""EXECUTE""}"
SA04_routine_execute_grants,public.sync_user_profiles_identity(),execute_grant,"{""grantee"":""service_role"",""grantor"":""postgres"",""proname"":""sync_user_profiles_identity"",""is_grantable"":false,""privilege_type"":""EXECUTE""}"
SA04_routine_execute_grants,public.update_updated_at(),execute_grant,"{""grantee"":""unknown (OID=0)"",""grantor"":""postgres"",""proname"":""update_updated_at"",""is_grantable"":false,""privilege_type"":""EXECUTE""}"
SA04_routine_execute_grants,public.update_updated_at(),execute_grant,"{""grantee"":""service_role"",""grantor"":""postgres"",""proname"":""update_updated_at"",""is_grantable"":false,""privilege_type"":""EXECUTE""}"
SA04_routine_execute_grants,public.update_updated_at(),execute_grant,"{""grantee"":""authenticated"",""grantor"":""postgres"",""proname"":""update_updated_at"",""is_grantable"":false,""privilege_type"":""EXECUTE""}"
SA04_routine_execute_grants,public.update_updated_at(),execute_grant,"{""grantee"":""anon"",""grantor"":""postgres"",""proname"":""update_updated_at"",""is_grantable"":false,""privilege_type"":""EXECUTE""}"
SA04_routine_execute_grants,public.update_updated_at(),execute_grant,"{""grantee"":""postgres"",""grantor"":""postgres"",""proname"":""update_updated_at"",""is_grantable"":false,""privilege_type"":""EXECUTE""}"
SA04_routine_execute_grants,public.validate_resource_subject_ownership(),execute_grant,"{""grantee"":""unknown (OID=0)"",""grantor"":""postgres"",""proname"":""validate_resource_subject_ownership"",""is_grantable"":false,""privilege_type"":""EXECUTE""}"
SA04_routine_execute_grants,public.validate_resource_subject_ownership(),execute_grant,"{""grantee"":""postgres"",""grantor"":""postgres"",""proname"":""validate_resource_subject_ownership"",""is_grantable"":false,""privilege_type"":""EXECUTE""}"
SA04_routine_execute_grants,public.validate_resource_subject_ownership(),execute_grant,"{""grantee"":""anon"",""grantor"":""postgres"",""proname"":""validate_resource_subject_ownership"",""is_grantable"":false,""privilege_type"":""EXECUTE""}"
SA04_routine_execute_grants,public.validate_resource_subject_ownership(),execute_grant,"{""grantee"":""authenticated"",""grantor"":""postgres"",""proname"":""validate_resource_subject_ownership"",""is_grantable"":false,""privilege_type"":""EXECUTE""}"
SA04_routine_execute_grants,public.validate_resource_subject_ownership(),execute_grant,"{""grantee"":""service_role"",""grantor"":""postgres"",""proname"":""validate_resource_subject_ownership"",""is_grantable"":false,""privilege_type"":""EXECUTE""}"
SA05_routine_dependencies,public.set_subjects_updated_at(),dependency,"{""proname"":""set_subjects_updated_at"",""dep_type"":""n"",""ref_objid"":""2200"",""ref_classid"":""pg_namespace"",""ref_objsubid"":0,""ref_object_name"":""public""}"
SA05_routine_dependencies,public.set_subjects_updated_at(),dependency,"{""proname"":""set_subjects_updated_at"",""dep_type"":""n"",""ref_objid"":""13619"",""ref_classid"":""pg_language"",""ref_objsubid"":0,""ref_object_name"":""13619""}"
SA05_routine_dependencies,public.set_user_profiles_updated_at(),dependency,"{""proname"":""set_user_profiles_updated_at"",""dep_type"":""n"",""ref_objid"":""13619"",""ref_classid"":""pg_language"",""ref_objsubid"":0,""ref_object_name"":""13619""}"
SA05_routine_dependencies,public.set_user_profiles_updated_at(),dependency,"{""proname"":""set_user_profiles_updated_at"",""dep_type"":""n"",""ref_objid"":""2200"",""ref_classid"":""pg_namespace"",""ref_objsubid"":0,""ref_object_name"":""public""}"
SA05_routine_dependencies,public.sync_user_profiles_identity(),dependency,"{""proname"":""sync_user_profiles_identity"",""dep_type"":""n"",""ref_objid"":""13619"",""ref_classid"":""pg_language"",""ref_objsubid"":0,""ref_object_name"":""13619""}"
SA05_routine_dependencies,public.sync_user_profiles_identity(),dependency,"{""proname"":""sync_user_profiles_identity"",""dep_type"":""n"",""ref_objid"":""2200"",""ref_classid"":""pg_namespace"",""ref_objsubid"":0,""ref_object_name"":""public""}"
SA05_routine_dependencies,public.update_updated_at(),dependency,"{""proname"":""update_updated_at"",""dep_type"":""n"",""ref_objid"":""2200"",""ref_classid"":""pg_namespace"",""ref_objsubid"":0,""ref_object_name"":""public""}"
SA05_routine_dependencies,public.update_updated_at(),dependency,"{""proname"":""update_updated_at"",""dep_type"":""n"",""ref_objid"":""13619"",""ref_classid"":""pg_language"",""ref_objsubid"":0,""ref_object_name"":""13619""}"
SA05_routine_dependencies,public.validate_resource_subject_ownership(),dependency,"{""proname"":""validate_resource_subject_ownership"",""dep_type"":""n"",""ref_objid"":""2200"",""ref_classid"":""pg_namespace"",""ref_objsubid"":0,""ref_object_name"":""public""}"
SA05_routine_dependencies,public.validate_resource_subject_ownership(),dependency,"{""proname"":""validate_resource_subject_ownership"",""dep_type"":""n"",""ref_objid"":""13619"",""ref_classid"":""pg_language"",""ref_objsubid"":0,""ref_object_name"":""13619""}"
SA06_routine_dependents,public.set_subjects_updated_at(),dependent,"{""proname"":""set_subjects_updated_at"",""dep_type"":""n"",""dep_objid"":""26343"",""dep_classid"":""pg_trigger"",""dep_objsubid"":0,""dep_object_name"":""set_subjects_updated_at on subjects""}"
SA06_routine_dependents,public.set_user_profiles_updated_at(),dependent,"{""proname"":""set_user_profiles_updated_at"",""dep_type"":""n"",""dep_objid"":""26242"",""dep_classid"":""pg_trigger"",""dep_objsubid"":0,""dep_object_name"":""set_user_profiles_updated_at on user_profiles""}"
SA06_routine_dependents,public.sync_user_profiles_identity(),dependent,"{""proname"":""sync_user_profiles_identity"",""dep_type"":""n"",""dep_objid"":""26257"",""dep_classid"":""pg_trigger"",""dep_objsubid"":0,""dep_object_name"":""sync_user_profiles_identity_trigger on user_profiles""}"
SA06_routine_dependents,public.update_updated_at(),dependent,"{""proname"":""update_updated_at"",""dep_type"":""n"",""dep_objid"":""17622"",""dep_classid"":""pg_trigger"",""dep_objsubid"":0,""dep_object_name"":""agent_memories_updated_at on agent_memories""}"
SA06_routine_dependents,public.update_updated_at(),dependent,"{""proname"":""update_updated_at"",""dep_type"":""n"",""dep_objid"":""17583"",""dep_classid"":""pg_trigger"",""dep_objsubid"":0,""dep_object_name"":""user_profiles_updated_at on user_profiles""}"
SA06_routine_dependents,public.validate_resource_subject_ownership(),dependent,"{""proname"":""validate_resource_subject_ownership"",""dep_type"":""n"",""dep_objid"":""26340"",""dep_classid"":""pg_trigger"",""dep_objsubid"":0,""dep_object_name"":""validate_document_subject_ownership on documents""}"
SA06_routine_dependents,public.validate_resource_subject_ownership(),dependent,"{""proname"":""validate_resource_subject_ownership"",""dep_type"":""n"",""dep_objid"":""26341"",""dep_classid"":""pg_trigger"",""dep_objsubid"":0,""dep_object_name"":""validate_recording_subject_ownership on recordings""}"
SA07_table_privileges,public.document_analysis,table_privilege,"{""grantee"":""authenticated"",""grantor"":""postgres"",""relacl_raw"":""{postgres=arwdDxtm/postgres,anon=arwdDxtm/postgres,authenticated=arwdDxtm/postgres,service_role=arwdDxtm/postgres}"",""table_name"":""document_analysis"",""table_owner"":""postgres"",""is_grantable"":false,""table_schema"":""public"",""privilege_type"":""UPDATE"",""relacl_is_null"":false}"
SA07_table_privileges,public.document_analysis,table_privilege,"{""grantee"":""postgres"",""grantor"":""postgres"",""relacl_raw"":""{postgres=arwdDxtm/postgres,anon=arwdDxtm/postgres,authenticated=arwdDxtm/postgres,service_role=arwdDxtm/postgres}"",""table_name"":""document_analysis"",""table_owner"":""postgres"",""is_grantable"":false,""table_schema"":""public"",""privilege_type"":""INSERT"",""relacl_is_null"":false}"
SA07_table_privileges,public.document_analysis,table_privilege,"{""grantee"":""postgres"",""grantor"":""postgres"",""relacl_raw"":""{postgres=arwdDxtm/postgres,anon=arwdDxtm/postgres,authenticated=arwdDxtm/postgres,service_role=arwdDxtm/postgres}"",""table_name"":""document_analysis"",""table_owner"":""postgres"",""is_grantable"":false,""table_schema"":""public"",""privilege_type"":""SELECT"",""relacl_is_null"":false}"
SA07_table_privileges,public.document_analysis,table_privilege,"{""grantee"":""postgres"",""grantor"":""postgres"",""relacl_raw"":""{postgres=arwdDxtm/postgres,anon=arwdDxtm/postgres,authenticated=arwdDxtm/postgres,service_role=arwdDxtm/postgres}"",""table_name"":""document_analysis"",""table_owner"":""postgres"",""is_grantable"":false,""table_schema"":""public"",""privilege_type"":""UPDATE"",""relacl_is_null"":false}"
SA07_table_privileges,public.document_analysis,table_privilege,"{""grantee"":""postgres"",""grantor"":""postgres"",""relacl_raw"":""{postgres=arwdDxtm/postgres,anon=arwdDxtm/postgres,authenticated=arwdDxtm/postgres,service_role=arwdDxtm/postgres}"",""table_name"":""document_analysis"",""table_owner"":""postgres"",""is_grantable"":false,""table_schema"":""public"",""privilege_type"":""DELETE"",""relacl_is_null"":false}"
SA07_table_privileges,public.document_analysis,table_privilege,"{""grantee"":""postgres"",""grantor"":""postgres"",""relacl_raw"":""{postgres=arwdDxtm/postgres,anon=arwdDxtm/postgres,authenticated=arwdDxtm/postgres,service_role=arwdDxtm/postgres}"",""table_name"":""document_analysis"",""table_owner"":""postgres"",""is_grantable"":false,""table_schema"":""public"",""privilege_type"":""TRUNCATE"",""relacl_is_null"":false}"
SA07_table_privileges,public.document_analysis,table_privilege,"{""grantee"":""postgres"",""grantor"":""postgres"",""relacl_raw"":""{postgres=arwdDxtm/postgres,anon=arwdDxtm/postgres,authenticated=arwdDxtm/postgres,service_role=arwdDxtm/postgres}"",""table_name"":""document_analysis"",""table_owner"":""postgres"",""is_grantable"":false,""table_schema"":""public"",""privilege_type"":""REFERENCES"",""relacl_is_null"":false}"
SA07_table_privileges,public.document_analysis,table_privilege,"{""grantee"":""postgres"",""grantor"":""postgres"",""relacl_raw"":""{postgres=arwdDxtm/postgres,anon=arwdDxtm/postgres,authenticated=arwdDxtm/postgres,service_role=arwdDxtm/postgres}"",""table_name"":""document_analysis"",""table_owner"":""postgres"",""is_grantable"":false,""table_schema"":""public"",""privilege_type"":""TRIGGER"",""relacl_is_null"":false}"
SA07_table_privileges,public.document_analysis,table_privilege,"{""grantee"":""postgres"",""grantor"":""postgres"",""relacl_raw"":""{postgres=arwdDxtm/postgres,anon=arwdDxtm/postgres,authenticated=arwdDxtm/postgres,service_role=arwdDxtm/postgres}"",""table_name"":""document_analysis"",""table_owner"":""postgres"",""is_grantable"":false,""table_schema"":""public"",""privilege_type"":""MAINTAIN"",""relacl_is_null"":false}"
SA07_table_privileges,public.document_analysis,table_privilege,"{""grantee"":""anon"",""grantor"":""postgres"",""relacl_raw"":""{postgres=arwdDxtm/postgres,anon=arwdDxtm/postgres,authenticated=arwdDxtm/postgres,service_role=arwdDxtm/postgres}"",""table_name"":""document_analysis"",""table_owner"":""postgres"",""is_grantable"":false,""table_schema"":""public"",""privilege_type"":""INSERT"",""relacl_is_null"":false}"
SA07_table_privileges,public.document_analysis,table_privilege,"{""grantee"":""anon"",""grantor"":""postgres"",""relacl_raw"":""{postgres=arwdDxtm/postgres,anon=arwdDxtm/postgres,authenticated=arwdDxtm/postgres,service_role=arwdDxtm/postgres}"",""table_name"":""document_analysis"",""table_owner"":""postgres"",""is_grantable"":false,""table_schema"":""public"",""privilege_type"":""SELECT"",""relacl_is_null"":false}"
SA07_table_privileges,public.document_analysis,table_privilege,"{""grantee"":""anon"",""grantor"":""postgres"",""relacl_raw"":""{postgres=arwdDxtm/postgres,anon=arwdDxtm/postgres,authenticated=arwdDxtm/postgres,service_role=arwdDxtm/postgres}"",""table_name"":""document_analysis"",""table_owner"":""postgres"",""is_grantable"":false,""table_schema"":""public"",""privilege_type"":""UPDATE"",""relacl_is_null"":false}"
SA07_table_privileges,public.document_analysis,table_privilege,"{""grantee"":""anon"",""grantor"":""postgres"",""relacl_raw"":""{postgres=arwdDxtm/postgres,anon=arwdDxtm/postgres,authenticated=arwdDxtm/postgres,service_role=arwdDxtm/postgres}"",""table_name"":""document_analysis"",""table_owner"":""postgres"",""is_grantable"":false,""table_schema"":""public"",""privilege_type"":""DELETE"",""relacl_is_null"":false}"
SA07_table_privileges,public.document_analysis,table_privilege,"{""grantee"":""anon"",""grantor"":""postgres"",""relacl_raw"":""{postgres=arwdDxtm/postgres,anon=arwdDxtm/postgres,authenticated=arwdDxtm/postgres,service_role=arwdDxtm/postgres}"",""table_name"":""document_analysis"",""table_owner"":""postgres"",""is_grantable"":false,""table_schema"":""public"",""privilege_type"":""TRUNCATE"",""relacl_is_null"":false}"
SA07_table_privileges,public.document_analysis,table_privilege,"{""grantee"":""anon"",""grantor"":""postgres"",""relacl_raw"":""{postgres=arwdDxtm/postgres,anon=arwdDxtm/postgres,authenticated=arwdDxtm/postgres,service_role=arwdDxtm/postgres}"",""table_name"":""document_analysis"",""table_owner"":""postgres"",""is_grantable"":false,""table_schema"":""public"",""privilege_type"":""REFERENCES"",""relacl_is_null"":false}"
SA07_table_privileges,public.document_analysis,table_privilege,"{""grantee"":""anon"",""grantor"":""postgres"",""relacl_raw"":""{postgres=arwdDxtm/postgres,anon=arwdDxtm/postgres,authenticated=arwdDxtm/postgres,service_role=arwdDxtm/postgres}"",""table_name"":""document_analysis"",""table_owner"":""postgres"",""is_grantable"":false,""table_schema"":""public"",""privilege_type"":""TRIGGER"",""relacl_is_null"":false}"
SA07_table_privileges,public.document_analysis,table_privilege,"{""grantee"":""anon"",""grantor"":""postgres"",""relacl_raw"":""{postgres=arwdDxtm/postgres,anon=arwdDxtm/postgres,authenticated=arwdDxtm/postgres,service_role=arwdDxtm/postgres}"",""table_name"":""document_analysis"",""table_owner"":""postgres"",""is_grantable"":false,""table_schema"":""public"",""privilege_type"":""MAINTAIN"",""relacl_is_null"":false}"
SA07_table_privileges,public.document_analysis,table_privilege,"{""grantee"":""authenticated"",""grantor"":""postgres"",""relacl_raw"":""{postgres=arwdDxtm/postgres,anon=arwdDxtm/postgres,authenticated=arwdDxtm/postgres,service_role=arwdDxtm/postgres}"",""table_name"":""document_analysis"",""table_owner"":""postgres"",""is_grantable"":false,""table_schema"":""public"",""privilege_type"":""INSERT"",""relacl_is_null"":false}"
SA07_table_privileges,public.document_analysis,table_privilege,"{""grantee"":""authenticated"",""grantor"":""postgres"",""relacl_raw"":""{postgres=arwdDxtm/postgres,anon=arwdDxtm/postgres,authenticated=arwdDxtm/postgres,service_role=arwdDxtm/postgres}"",""table_name"":""document_analysis"",""table_owner"":""postgres"",""is_grantable"":false,""table_schema"":""public"",""privilege_type"":""SELECT"",""relacl_is_null"":false}"
SA07_table_privileges,public.document_analysis,table_privilege,"{""grantee"":""authenticated"",""grantor"":""postgres"",""relacl_raw"":""{postgres=arwdDxtm/postgres,anon=arwdDxtm/postgres,authenticated=arwdDxtm/postgres,service_role=arwdDxtm/postgres}"",""table_name"":""document_analysis"",""table_owner"":""postgres"",""is_grantable"":false,""table_schema"":""public"",""privilege_type"":""DELETE"",""relacl_is_null"":false}"
SA07_table_privileges,public.document_analysis,table_privilege,"{""grantee"":""authenticated"",""grantor"":""postgres"",""relacl_raw"":""{postgres=arwdDxtm/postgres,anon=arwdDxtm/postgres,authenticated=arwdDxtm/postgres,service_role=arwdDxtm/postgres}"",""table_name"":""document_analysis"",""table_owner"":""postgres"",""is_grantable"":false,""table_schema"":""public"",""privilege_type"":""TRUNCATE"",""relacl_is_null"":false}"
SA07_table_privileges,public.document_analysis,table_privilege,"{""grantee"":""authenticated"",""grantor"":""postgres"",""relacl_raw"":""{postgres=arwdDxtm/postgres,anon=arwdDxtm/postgres,authenticated=arwdDxtm/postgres,service_role=arwdDxtm/postgres}"",""table_name"":""document_analysis"",""table_owner"":""postgres"",""is_grantable"":false,""table_schema"":""public"",""privilege_type"":""REFERENCES"",""relacl_is_null"":false}"
SA07_table_privileges,public.document_analysis,table_privilege,"{""grantee"":""authenticated"",""grantor"":""postgres"",""relacl_raw"":""{postgres=arwdDxtm/postgres,anon=arwdDxtm/postgres,authenticated=arwdDxtm/postgres,service_role=arwdDxtm/postgres}"",""table_name"":""document_analysis"",""table_owner"":""postgres"",""is_grantable"":false,""table_schema"":""public"",""privilege_type"":""TRIGGER"",""relacl_is_null"":false}"
SA07_table_privileges,public.document_analysis,table_privilege,"{""grantee"":""authenticated"",""grantor"":""postgres"",""relacl_raw"":""{postgres=arwdDxtm/postgres,anon=arwdDxtm/postgres,authenticated=arwdDxtm/postgres,service_role=arwdDxtm/postgres}"",""table_name"":""document_analysis"",""table_owner"":""postgres"",""is_grantable"":false,""table_schema"":""public"",""privilege_type"":""MAINTAIN"",""relacl_is_null"":false}"
SA07_table_privileges,public.document_analysis,table_privilege,"{""grantee"":""service_role"",""grantor"":""postgres"",""relacl_raw"":""{postgres=arwdDxtm/postgres,anon=arwdDxtm/postgres,authenticated=arwdDxtm/postgres,service_role=arwdDxtm/postgres}"",""table_name"":""document_analysis"",""table_owner"":""postgres"",""is_grantable"":false,""table_schema"":""public"",""privilege_type"":""INSERT"",""relacl_is_null"":false}"
SA07_table_privileges,public.document_analysis,table_privilege,"{""grantee"":""service_role"",""grantor"":""postgres"",""relacl_raw"":""{postgres=arwdDxtm/postgres,anon=arwdDxtm/postgres,authenticated=arwdDxtm/postgres,service_role=arwdDxtm/postgres}"",""table_name"":""document_analysis"",""table_owner"":""postgres"",""is_grantable"":false,""table_schema"":""public"",""privilege_type"":""SELECT"",""relacl_is_null"":false}"
SA07_table_privileges,public.document_analysis,table_privilege,"{""grantee"":""service_role"",""grantor"":""postgres"",""relacl_raw"":""{postgres=arwdDxtm/postgres,anon=arwdDxtm/postgres,authenticated=arwdDxtm/postgres,service_role=arwdDxtm/postgres}"",""table_name"":""document_analysis"",""table_owner"":""postgres"",""is_grantable"":false,""table_schema"":""public"",""privilege_type"":""UPDATE"",""relacl_is_null"":false}"
SA07_table_privileges,public.document_analysis,table_privilege,"{""grantee"":""service_role"",""grantor"":""postgres"",""relacl_raw"":""{postgres=arwdDxtm/postgres,anon=arwdDxtm/postgres,authenticated=arwdDxtm/postgres,service_role=arwdDxtm/postgres}"",""table_name"":""document_analysis"",""table_owner"":""postgres"",""is_grantable"":false,""table_schema"":""public"",""privilege_type"":""DELETE"",""relacl_is_null"":false}"
SA07_table_privileges,public.document_analysis,table_privilege,"{""grantee"":""service_role"",""grantor"":""postgres"",""relacl_raw"":""{postgres=arwdDxtm/postgres,anon=arwdDxtm/postgres,authenticated=arwdDxtm/postgres,service_role=arwdDxtm/postgres}"",""table_name"":""document_analysis"",""table_owner"":""postgres"",""is_grantable"":false,""table_schema"":""public"",""privilege_type"":""TRUNCATE"",""relacl_is_null"":false}"
SA07_table_privileges,public.document_analysis,table_privilege,"{""grantee"":""service_role"",""grantor"":""postgres"",""relacl_raw"":""{postgres=arwdDxtm/postgres,anon=arwdDxtm/postgres,authenticated=arwdDxtm/postgres,service_role=arwdDxtm/postgres}"",""table_name"":""document_analysis"",""table_owner"":""postgres"",""is_grantable"":false,""table_schema"":""public"",""privilege_type"":""REFERENCES"",""relacl_is_null"":false}"
SA07_table_privileges,public.document_analysis,table_privilege,"{""grantee"":""service_role"",""grantor"":""postgres"",""relacl_raw"":""{postgres=arwdDxtm/postgres,anon=arwdDxtm/postgres,authenticated=arwdDxtm/postgres,service_role=arwdDxtm/postgres}"",""table_name"":""document_analysis"",""table_owner"":""postgres"",""is_grantable"":false,""table_schema"":""public"",""privilege_type"":""TRIGGER"",""relacl_is_null"":false}"
SA07_table_privileges,public.document_analysis,table_privilege,"{""grantee"":""service_role"",""grantor"":""postgres"",""relacl_raw"":""{postgres=arwdDxtm/postgres,anon=arwdDxtm/postgres,authenticated=arwdDxtm/postgres,service_role=arwdDxtm/postgres}"",""table_name"":""document_analysis"",""table_owner"":""postgres"",""is_grantable"":false,""table_schema"":""public"",""privilege_type"":""MAINTAIN"",""relacl_is_null"":false}"
SA07_table_privileges,public.documents,table_privilege,"{""grantee"":""postgres"",""grantor"":""postgres"",""relacl_raw"":""{postgres=arwdDxtm/postgres,anon=arwdDxtm/postgres,authenticated=arwdDxtm/postgres,service_role=arwdDxtm/postgres}"",""table_name"":""documents"",""table_owner"":""postgres"",""is_grantable"":false,""table_schema"":""public"",""privilege_type"":""INSERT"",""relacl_is_null"":false}"
SA07_table_privileges,public.documents,table_privilege,"{""grantee"":""postgres"",""grantor"":""postgres"",""relacl_raw"":""{postgres=arwdDxtm/postgres,anon=arwdDxtm/postgres,authenticated=arwdDxtm/postgres,service_role=arwdDxtm/postgres}"",""table_name"":""documents"",""table_owner"":""postgres"",""is_grantable"":false,""table_schema"":""public"",""privilege_type"":""SELECT"",""relacl_is_null"":false}"
SA07_table_privileges,public.documents,table_privilege,"{""grantee"":""postgres"",""grantor"":""postgres"",""relacl_raw"":""{postgres=arwdDxtm/postgres,anon=arwdDxtm/postgres,authenticated=arwdDxtm/postgres,service_role=arwdDxtm/postgres}"",""table_name"":""documents"",""table_owner"":""postgres"",""is_grantable"":false,""table_schema"":""public"",""privilege_type"":""UPDATE"",""relacl_is_null"":false}"
SA07_table_privileges,public.documents,table_privilege,"{""grantee"":""postgres"",""grantor"":""postgres"",""relacl_raw"":""{postgres=arwdDxtm/postgres,anon=arwdDxtm/postgres,authenticated=arwdDxtm/postgres,service_role=arwdDxtm/postgres}"",""table_name"":""documents"",""table_owner"":""postgres"",""is_grantable"":false,""table_schema"":""public"",""privilege_type"":""DELETE"",""relacl_is_null"":false}"
SA07_table_privileges,public.documents,table_privilege,"{""grantee"":""postgres"",""grantor"":""postgres"",""relacl_raw"":""{postgres=arwdDxtm/postgres,anon=arwdDxtm/postgres,authenticated=arwdDxtm/postgres,service_role=arwdDxtm/postgres}"",""table_name"":""documents"",""table_owner"":""postgres"",""is_grantable"":false,""table_schema"":""public"",""privilege_type"":""TRUNCATE"",""relacl_is_null"":false}"
SA07_table_privileges,public.documents,table_privilege,"{""grantee"":""postgres"",""grantor"":""postgres"",""relacl_raw"":""{postgres=arwdDxtm/postgres,anon=arwdDxtm/postgres,authenticated=arwdDxtm/postgres,service_role=arwdDxtm/postgres}"",""table_name"":""documents"",""table_owner"":""postgres"",""is_grantable"":false,""table_schema"":""public"",""privilege_type"":""REFERENCES"",""relacl_is_null"":false}"
SA07_table_privileges,public.documents,table_privilege,"{""grantee"":""postgres"",""grantor"":""postgres"",""relacl_raw"":""{postgres=arwdDxtm/postgres,anon=arwdDxtm/postgres,authenticated=arwdDxtm/postgres,service_role=arwdDxtm/postgres}"",""table_name"":""documents"",""table_owner"":""postgres"",""is_grantable"":false,""table_schema"":""public"",""privilege_type"":""TRIGGER"",""relacl_is_null"":false}"
SA07_table_privileges,public.documents,table_privilege,"{""grantee"":""postgres"",""grantor"":""postgres"",""relacl_raw"":""{postgres=arwdDxtm/postgres,anon=arwdDxtm/postgres,authenticated=arwdDxtm/postgres,service_role=arwdDxtm/postgres}"",""table_name"":""documents"",""table_owner"":""postgres"",""is_grantable"":false,""table_schema"":""public"",""privilege_type"":""MAINTAIN"",""relacl_is_null"":false}"
SA07_table_privileges,public.documents,table_privilege,"{""grantee"":""anon"",""grantor"":""postgres"",""relacl_raw"":""{postgres=arwdDxtm/postgres,anon=arwdDxtm/postgres,authenticated=arwdDxtm/postgres,service_role=arwdDxtm/postgres}"",""table_name"":""documents"",""table_owner"":""postgres"",""is_grantable"":false,""table_schema"":""public"",""privilege_type"":""INSERT"",""relacl_is_null"":false}"
SA07_table_privileges,public.documents,table_privilege,"{""grantee"":""anon"",""grantor"":""postgres"",""relacl_raw"":""{postgres=arwdDxtm/postgres,anon=arwdDxtm/postgres,authenticated=arwdDxtm/postgres,service_role=arwdDxtm/postgres}"",""table_name"":""documents"",""table_owner"":""postgres"",""is_grantable"":false,""table_schema"":""public"",""privilege_type"":""SELECT"",""relacl_is_null"":false}"
SA07_table_privileges,public.documents,table_privilege,"{""grantee"":""anon"",""grantor"":""postgres"",""relacl_raw"":""{postgres=arwdDxtm/postgres,anon=arwdDxtm/postgres,authenticated=arwdDxtm/postgres,service_role=arwdDxtm/postgres}"",""table_name"":""documents"",""table_owner"":""postgres"",""is_grantable"":false,""table_schema"":""public"",""privilege_type"":""UPDATE"",""relacl_is_null"":false}"
SA07_table_privileges,public.documents,table_privilege,"{""grantee"":""anon"",""grantor"":""postgres"",""relacl_raw"":""{postgres=arwdDxtm/postgres,anon=arwdDxtm/postgres,authenticated=arwdDxtm/postgres,service_role=arwdDxtm/postgres}"",""table_name"":""documents"",""table_owner"":""postgres"",""is_grantable"":false,""table_schema"":""public"",""privilege_type"":""DELETE"",""relacl_is_null"":false}"
SA07_table_privileges,public.documents,table_privilege,"{""grantee"":""anon"",""grantor"":""postgres"",""relacl_raw"":""{postgres=arwdDxtm/postgres,anon=arwdDxtm/postgres,authenticated=arwdDxtm/postgres,service_role=arwdDxtm/postgres}"",""table_name"":""documents"",""table_owner"":""postgres"",""is_grantable"":false,""table_schema"":""public"",""privilege_type"":""TRUNCATE"",""relacl_is_null"":false}"
SA07_table_privileges,public.documents,table_privilege,"{""grantee"":""anon"",""grantor"":""postgres"",""relacl_raw"":""{postgres=arwdDxtm/postgres,anon=arwdDxtm/postgres,authenticated=arwdDxtm/postgres,service_role=arwdDxtm/postgres}"",""table_name"":""documents"",""table_owner"":""postgres"",""is_grantable"":false,""table_schema"":""public"",""privilege_type"":""REFERENCES"",""relacl_is_null"":false}"
SA07_table_privileges,public.documents,table_privilege,"{""grantee"":""anon"",""grantor"":""postgres"",""relacl_raw"":""{postgres=arwdDxtm/postgres,anon=arwdDxtm/postgres,authenticated=arwdDxtm/postgres,service_role=arwdDxtm/postgres}"",""table_name"":""documents"",""table_owner"":""postgres"",""is_grantable"":false,""table_schema"":""public"",""privilege_type"":""TRIGGER"",""relacl_is_null"":false}"
SA07_table_privileges,public.documents,table_privilege,"{""grantee"":""anon"",""grantor"":""postgres"",""relacl_raw"":""{postgres=arwdDxtm/postgres,anon=arwdDxtm/postgres,authenticated=arwdDxtm/postgres,service_role=arwdDxtm/postgres}"",""table_name"":""documents"",""table_owner"":""postgres"",""is_grantable"":false,""table_schema"":""public"",""privilege_type"":""MAINTAIN"",""relacl_is_null"":false}"
SA07_table_privileges,public.documents,table_privilege,"{""grantee"":""authenticated"",""grantor"":""postgres"",""relacl_raw"":""{postgres=arwdDxtm/postgres,anon=arwdDxtm/postgres,authenticated=arwdDxtm/postgres,service_role=arwdDxtm/postgres}"",""table_name"":""documents"",""table_owner"":""postgres"",""is_grantable"":false,""table_schema"":""public"",""privilege_type"":""INSERT"",""relacl_is_null"":false}"
SA07_table_privileges,public.documents,table_privilege,"{""grantee"":""authenticated"",""grantor"":""postgres"",""relacl_raw"":""{postgres=arwdDxtm/postgres,anon=arwdDxtm/postgres,authenticated=arwdDxtm/postgres,service_role=arwdDxtm/postgres}"",""table_name"":""documents"",""table_owner"":""postgres"",""is_grantable"":false,""table_schema"":""public"",""privilege_type"":""SELECT"",""relacl_is_null"":false}"
SA07_table_privileges,public.documents,table_privilege,"{""grantee"":""authenticated"",""grantor"":""postgres"",""relacl_raw"":""{postgres=arwdDxtm/postgres,anon=arwdDxtm/postgres,authenticated=arwdDxtm/postgres,service_role=arwdDxtm/postgres}"",""table_name"":""documents"",""table_owner"":""postgres"",""is_grantable"":false,""table_schema"":""public"",""privilege_type"":""UPDATE"",""relacl_is_null"":false}"
SA07_table_privileges,public.documents,table_privilege,"{""grantee"":""authenticated"",""grantor"":""postgres"",""relacl_raw"":""{postgres=arwdDxtm/postgres,anon=arwdDxtm/postgres,authenticated=arwdDxtm/postgres,service_role=arwdDxtm/postgres}"",""table_name"":""documents"",""table_owner"":""postgres"",""is_grantable"":false,""table_schema"":""public"",""privilege_type"":""DELETE"",""relacl_is_null"":false}"
SA07_table_privileges,public.documents,table_privilege,"{""grantee"":""authenticated"",""grantor"":""postgres"",""relacl_raw"":""{postgres=arwdDxtm/postgres,anon=arwdDxtm/postgres,authenticated=arwdDxtm/postgres,service_role=arwdDxtm/postgres}"",""table_name"":""documents"",""table_owner"":""postgres"",""is_grantable"":false,""table_schema"":""public"",""privilege_type"":""TRUNCATE"",""relacl_is_null"":false}"
SA07_table_privileges,public.documents,table_privilege,"{""grantee"":""authenticated"",""grantor"":""postgres"",""relacl_raw"":""{postgres=arwdDxtm/postgres,anon=arwdDxtm/postgres,authenticated=arwdDxtm/postgres,service_role=arwdDxtm/postgres}"",""table_name"":""documents"",""table_owner"":""postgres"",""is_grantable"":false,""table_schema"":""public"",""privilege_type"":""REFERENCES"",""relacl_is_null"":false}"
SA07_table_privileges,public.documents,table_privilege,"{""grantee"":""authenticated"",""grantor"":""postgres"",""relacl_raw"":""{postgres=arwdDxtm/postgres,anon=arwdDxtm/postgres,authenticated=arwdDxtm/postgres,service_role=arwdDxtm/postgres}"",""table_name"":""documents"",""table_owner"":""postgres"",""is_grantable"":false,""table_schema"":""public"",""privilege_type"":""TRIGGER"",""relacl_is_null"":false}"
SA07_table_privileges,public.documents,table_privilege,"{""grantee"":""authenticated"",""grantor"":""postgres"",""relacl_raw"":""{postgres=arwdDxtm/postgres,anon=arwdDxtm/postgres,authenticated=arwdDxtm/postgres,service_role=arwdDxtm/postgres}"",""table_name"":""documents"",""table_owner"":""postgres"",""is_grantable"":false,""table_schema"":""public"",""privilege_type"":""MAINTAIN"",""relacl_is_null"":false}"
SA07_table_privileges,public.documents,table_privilege,"{""grantee"":""service_role"",""grantor"":""postgres"",""relacl_raw"":""{postgres=arwdDxtm/postgres,anon=arwdDxtm/postgres,authenticated=arwdDxtm/postgres,service_role=arwdDxtm/postgres}"",""table_name"":""documents"",""table_owner"":""postgres"",""is_grantable"":false,""table_schema"":""public"",""privilege_type"":""INSERT"",""relacl_is_null"":false}"
SA07_table_privileges,public.documents,table_privilege,"{""grantee"":""service_role"",""grantor"":""postgres"",""relacl_raw"":""{postgres=arwdDxtm/postgres,anon=arwdDxtm/postgres,authenticated=arwdDxtm/postgres,service_role=arwdDxtm/postgres}"",""table_name"":""documents"",""table_owner"":""postgres"",""is_grantable"":false,""table_schema"":""public"",""privilege_type"":""SELECT"",""relacl_is_null"":false}"
SA07_table_privileges,public.documents,table_privilege,"{""grantee"":""service_role"",""grantor"":""postgres"",""relacl_raw"":""{postgres=arwdDxtm/postgres,anon=arwdDxtm/postgres,authenticated=arwdDxtm/postgres,service_role=arwdDxtm/postgres}"",""table_name"":""documents"",""table_owner"":""postgres"",""is_grantable"":false,""table_schema"":""public"",""privilege_type"":""UPDATE"",""relacl_is_null"":false}"
SA07_table_privileges,public.documents,table_privilege,"{""grantee"":""service_role"",""grantor"":""postgres"",""relacl_raw"":""{postgres=arwdDxtm/postgres,anon=arwdDxtm/postgres,authenticated=arwdDxtm/postgres,service_role=arwdDxtm/postgres}"",""table_name"":""documents"",""table_owner"":""postgres"",""is_grantable"":false,""table_schema"":""public"",""privilege_type"":""DELETE"",""relacl_is_null"":false}"
SA07_table_privileges,public.documents,table_privilege,"{""grantee"":""service_role"",""grantor"":""postgres"",""relacl_raw"":""{postgres=arwdDxtm/postgres,anon=arwdDxtm/postgres,authenticated=arwdDxtm/postgres,service_role=arwdDxtm/postgres}"",""table_name"":""documents"",""table_owner"":""postgres"",""is_grantable"":false,""table_schema"":""public"",""privilege_type"":""TRUNCATE"",""relacl_is_null"":false}"
SA07_table_privileges,public.documents,table_privilege,"{""grantee"":""service_role"",""grantor"":""postgres"",""relacl_raw"":""{postgres=arwdDxtm/postgres,anon=arwdDxtm/postgres,authenticated=arwdDxtm/postgres,service_role=arwdDxtm/postgres}"",""table_name"":""documents"",""table_owner"":""postgres"",""is_grantable"":false,""table_schema"":""public"",""privilege_type"":""REFERENCES"",""relacl_is_null"":false}"
SA07_table_privileges,public.documents,table_privilege,"{""grantee"":""service_role"",""grantor"":""postgres"",""relacl_raw"":""{postgres=arwdDxtm/postgres,anon=arwdDxtm/postgres,authenticated=arwdDxtm/postgres,service_role=arwdDxtm/postgres}"",""table_name"":""documents"",""table_owner"":""postgres"",""is_grantable"":false,""table_schema"":""public"",""privilege_type"":""TRIGGER"",""relacl_is_null"":false}"
SA07_table_privileges,public.documents,table_privilege,"{""grantee"":""service_role"",""grantor"":""postgres"",""relacl_raw"":""{postgres=arwdDxtm/postgres,anon=arwdDxtm/postgres,authenticated=arwdDxtm/postgres,service_role=arwdDxtm/postgres}"",""table_name"":""documents"",""table_owner"":""postgres"",""is_grantable"":false,""table_schema"":""public"",""privilege_type"":""MAINTAIN"",""relacl_is_null"":false}"
SA07_table_privileges,public.generation_jobs,table_privilege,"{""grantee"":""postgres"",""grantor"":""postgres"",""relacl_raw"":""{postgres=arwdDxtm/postgres,anon=arwdDxtm/postgres,authenticated=arwdDxtm/postgres,service_role=arwdDxtm/postgres}"",""table_name"":""generation_jobs"",""table_owner"":""postgres"",""is_grantable"":false,""table_schema"":""public"",""privilege_type"":""TRIGGER"",""relacl_is_null"":false}"
SA07_table_privileges,public.generation_jobs,table_privilege,"{""grantee"":""postgres"",""grantor"":""postgres"",""relacl_raw"":""{postgres=arwdDxtm/postgres,anon=arwdDxtm/postgres,authenticated=arwdDxtm/postgres,service_role=arwdDxtm/postgres}"",""table_name"":""generation_jobs"",""table_owner"":""postgres"",""is_grantable"":false,""table_schema"":""public"",""privilege_type"":""INSERT"",""relacl_is_null"":false}"
SA07_table_privileges,public.generation_jobs,table_privilege,"{""grantee"":""postgres"",""grantor"":""postgres"",""relacl_raw"":""{postgres=arwdDxtm/postgres,anon=arwdDxtm/postgres,authenticated=arwdDxtm/postgres,service_role=arwdDxtm/postgres}"",""table_name"":""generation_jobs"",""table_owner"":""postgres"",""is_grantable"":false,""table_schema"":""public"",""privilege_type"":""SELECT"",""relacl_is_null"":false}"
SA07_table_privileges,public.generation_jobs,table_privilege,"{""grantee"":""postgres"",""grantor"":""postgres"",""relacl_raw"":""{postgres=arwdDxtm/postgres,anon=arwdDxtm/postgres,authenticated=arwdDxtm/postgres,service_role=arwdDxtm/postgres}"",""table_name"":""generation_jobs"",""table_owner"":""postgres"",""is_grantable"":false,""table_schema"":""public"",""privilege_type"":""UPDATE"",""relacl_is_null"":false}"
SA07_table_privileges,public.generation_jobs,table_privilege,"{""grantee"":""postgres"",""grantor"":""postgres"",""relacl_raw"":""{postgres=arwdDxtm/postgres,anon=arwdDxtm/postgres,authenticated=arwdDxtm/postgres,service_role=arwdDxtm/postgres}"",""table_name"":""generation_jobs"",""table_owner"":""postgres"",""is_grantable"":false,""table_schema"":""public"",""privilege_type"":""DELETE"",""relacl_is_null"":false}"
SA07_table_privileges,public.generation_jobs,table_privilege,"{""grantee"":""postgres"",""grantor"":""postgres"",""relacl_raw"":""{postgres=arwdDxtm/postgres,anon=arwdDxtm/postgres,authenticated=arwdDxtm/postgres,service_role=arwdDxtm/postgres}"",""table_name"":""generation_jobs"",""table_owner"":""postgres"",""is_grantable"":false,""table_schema"":""public"",""privilege_type"":""TRUNCATE"",""relacl_is_null"":false}"
SA07_table_privileges,public.generation_jobs,table_privilege,"{""grantee"":""postgres"",""grantor"":""postgres"",""relacl_raw"":""{postgres=arwdDxtm/postgres,anon=arwdDxtm/postgres,authenticated=arwdDxtm/postgres,service_role=arwdDxtm/postgres}"",""table_name"":""generation_jobs"",""table_owner"":""postgres"",""is_grantable"":false,""table_schema"":""public"",""privilege_type"":""REFERENCES"",""relacl_is_null"":false}"
SA07_table_privileges,public.generation_jobs,table_privilege,"{""grantee"":""postgres"",""grantor"":""postgres"",""relacl_raw"":""{postgres=arwdDxtm/postgres,anon=arwdDxtm/postgres,authenticated=arwdDxtm/postgres,service_role=arwdDxtm/postgres}"",""table_name"":""generation_jobs"",""table_owner"":""postgres"",""is_grantable"":false,""table_schema"":""public"",""privilege_type"":""MAINTAIN"",""relacl_is_null"":false}"
SA07_table_privileges,public.generation_jobs,table_privilege,"{""grantee"":""anon"",""grantor"":""postgres"",""relacl_raw"":""{postgres=arwdDxtm/postgres,anon=arwdDxtm/postgres,authenticated=arwdDxtm/postgres,service_role=arwdDxtm/postgres}"",""table_name"":""generation_jobs"",""table_owner"":""postgres"",""is_grantable"":false,""table_schema"":""public"",""privilege_type"":""INSERT"",""relacl_is_null"":false}"
SA07_table_privileges,public.generation_jobs,table_privilege,"{""grantee"":""anon"",""grantor"":""postgres"",""relacl_raw"":""{postgres=arwdDxtm/postgres,anon=arwdDxtm/postgres,authenticated=arwdDxtm/postgres,service_role=arwdDxtm/postgres}"",""table_name"":""generation_jobs"",""table_owner"":""postgres"",""is_grantable"":false,""table_schema"":""public"",""privilege_type"":""SELECT"",""relacl_is_null"":false}"
SA07_table_privileges,public.generation_jobs,table_privilege,"{""grantee"":""anon"",""grantor"":""postgres"",""relacl_raw"":""{postgres=arwdDxtm/postgres,anon=arwdDxtm/postgres,authenticated=arwdDxtm/postgres,service_role=arwdDxtm/postgres}"",""table_name"":""generation_jobs"",""table_owner"":""postgres"",""is_grantable"":false,""table_schema"":""public"",""privilege_type"":""UPDATE"",""relacl_is_null"":false}"
SA07_table_privileges,public.generation_jobs,table_privilege,"{""grantee"":""anon"",""grantor"":""postgres"",""relacl_raw"":""{postgres=arwdDxtm/postgres,anon=arwdDxtm/postgres,authenticated=arwdDxtm/postgres,service_role=arwdDxtm/postgres}"",""table_name"":""generation_jobs"",""table_owner"":""postgres"",""is_grantable"":false,""table_schema"":""public"",""privilege_type"":""DELETE"",""relacl_is_null"":false}"
SA07_table_privileges,public.generation_jobs,table_privilege,"{""grantee"":""anon"",""grantor"":""postgres"",""relacl_raw"":""{postgres=arwdDxtm/postgres,anon=arwdDxtm/postgres,authenticated=arwdDxtm/postgres,service_role=arwdDxtm/postgres}"",""table_name"":""generation_jobs"",""table_owner"":""postgres"",""is_grantable"":false,""table_schema"":""public"",""privilege_type"":""TRUNCATE"",""relacl_is_null"":false}"
SA07_table_privileges,public.generation_jobs,table_privilege,"{""grantee"":""anon"",""grantor"":""postgres"",""relacl_raw"":""{postgres=arwdDxtm/postgres,anon=arwdDxtm/postgres,authenticated=arwdDxtm/postgres,service_role=arwdDxtm/postgres}"",""table_name"":""generation_jobs"",""table_owner"":""postgres"",""is_grantable"":false,""table_schema"":""public"",""privilege_type"":""REFERENCES"",""relacl_is_null"":false}"
SA07_table_privileges,public.generation_jobs,table_privilege,"{""grantee"":""anon"",""grantor"":""postgres"",""relacl_raw"":""{postgres=arwdDxtm/postgres,anon=arwdDxtm/postgres,authenticated=arwdDxtm/postgres,service_role=arwdDxtm/postgres}"",""table_name"":""generation_jobs"",""table_owner"":""postgres"",""is_grantable"":false,""table_schema"":""public"",""privilege_type"":""TRIGGER"",""relacl_is_null"":false}"
SA07_table_privileges,public.generation_jobs,table_privilege,"{""grantee"":""anon"",""grantor"":""postgres"",""relacl_raw"":""{postgres=arwdDxtm/postgres,anon=arwdDxtm/postgres,authenticated=arwdDxtm/postgres,service_role=arwdDxtm/postgres}"",""table_name"":""generation_jobs"",""table_owner"":""postgres"",""is_grantable"":false,""table_schema"":""public"",""privilege_type"":""MAINTAIN"",""relacl_is_null"":false}"
SA07_table_privileges,public.generation_jobs,table_privilege,"{""grantee"":""authenticated"",""grantor"":""postgres"",""relacl_raw"":""{postgres=arwdDxtm/postgres,anon=arwdDxtm/postgres,authenticated=arwdDxtm/postgres,service_role=arwdDxtm/postgres}"",""table_name"":""generation_jobs"",""table_owner"":""postgres"",""is_grantable"":false,""table_schema"":""public"",""privilege_type"":""INSERT"",""relacl_is_null"":false}"
SA07_table_privileges,public.generation_jobs,table_privilege,"{""grantee"":""authenticated"",""grantor"":""postgres"",""relacl_raw"":""{postgres=arwdDxtm/postgres,anon=arwdDxtm/postgres,authenticated=arwdDxtm/postgres,service_role=arwdDxtm/postgres}"",""table_name"":""generation_jobs"",""table_owner"":""postgres"",""is_grantable"":false,""table_schema"":""public"",""privilege_type"":""SELECT"",""relacl_is_null"":false}"
SA07_table_privileges,public.generation_jobs,table_privilege,"{""grantee"":""authenticated"",""grantor"":""postgres"",""relacl_raw"":""{postgres=arwdDxtm/postgres,anon=arwdDxtm/postgres,authenticated=arwdDxtm/postgres,service_role=arwdDxtm/postgres}"",""table_name"":""generation_jobs"",""table_owner"":""postgres"",""is_grantable"":false,""table_schema"":""public"",""privilege_type"":""UPDATE"",""relacl_is_null"":false}"
SA07_table_privileges,public.generation_jobs,table_privilege,"{""grantee"":""authenticated"",""grantor"":""postgres"",""relacl_raw"":""{postgres=arwdDxtm/postgres,anon=arwdDxtm/postgres,authenticated=arwdDxtm/postgres,service_role=arwdDxtm/postgres}"",""table_name"":""generation_jobs"",""table_owner"":""postgres"",""is_grantable"":false,""table_schema"":""public"",""privilege_type"":""DELETE"",""relacl_is_null"":false}"
SA07_table_privileges,public.generation_jobs,table_privilege,"{""grantee"":""authenticated"",""grantor"":""postgres"",""relacl_raw"":""{postgres=arwdDxtm/postgres,anon=arwdDxtm/postgres,authenticated=arwdDxtm/postgres,service_role=arwdDxtm/postgres}"",""table_name"":""generation_jobs"",""table_owner"":""postgres"",""is_grantable"":false,""table_schema"":""public"",""privilege_type"":""TRUNCATE"",""relacl_is_null"":false}"
SA07_table_privileges,public.generation_jobs,table_privilege,"{""grantee"":""authenticated"",""grantor"":""postgres"",""relacl_raw"":""{postgres=arwdDxtm/postgres,anon=arwdDxtm/postgres,authenticated=arwdDxtm/postgres,service_role=arwdDxtm/postgres}"",""table_name"":""generation_jobs"",""table_owner"":""postgres"",""is_grantable"":false,""table_schema"":""public"",""privilege_type"":""REFERENCES"",""relacl_is_null"":false}"
SA07_table_privileges,public.generation_jobs,table_privilege,"{""grantee"":""authenticated"",""grantor"":""postgres"",""relacl_raw"":""{postgres=arwdDxtm/postgres,anon=arwdDxtm/postgres,authenticated=arwdDxtm/postgres,service_role=arwdDxtm/postgres}"",""table_name"":""generation_jobs"",""table_owner"":""postgres"",""is_grantable"":false,""table_schema"":""public"",""privilege_type"":""TRIGGER"",""relacl_is_null"":false}"
SA07_table_privileges,public.generation_jobs,table_privilege,"{""grantee"":""authenticated"",""grantor"":""postgres"",""relacl_raw"":""{postgres=arwdDxtm/postgres,anon=arwdDxtm/postgres,authenticated=arwdDxtm/postgres,service_role=arwdDxtm/postgres}"",""table_name"":""generation_jobs"",""table_owner"":""postgres"",""is_grantable"":false,""table_schema"":""public"",""privilege_type"":""MAINTAIN"",""relacl_is_null"":false}"
SA07_table_privileges,public.generation_jobs,table_privilege,"{""grantee"":""service_role"",""grantor"":""postgres"",""relacl_raw"":""{postgres=arwdDxtm/postgres,anon=arwdDxtm/postgres,authenticated=arwdDxtm/postgres,service_role=arwdDxtm/postgres}"",""table_name"":""generation_jobs"",""table_owner"":""postgres"",""is_grantable"":false,""table_schema"":""public"",""privilege_type"":""INSERT"",""relacl_is_null"":false}"
SA07_table_privileges,public.generation_jobs,table_privilege,"{""grantee"":""service_role"",""grantor"":""postgres"",""relacl_raw"":""{postgres=arwdDxtm/postgres,anon=arwdDxtm/postgres,authenticated=arwdDxtm/postgres,service_role=arwdDxtm/postgres}"",""table_name"":""generation_jobs"",""table_owner"":""postgres"",""is_grantable"":false,""table_schema"":""public"",""privilege_type"":""SELECT"",""relacl_is_null"":false}"
SA07_table_privileges,public.generation_jobs,table_privilege,"{""grantee"":""service_role"",""grantor"":""postgres"",""relacl_raw"":""{postgres=arwdDxtm/postgres,anon=arwdDxtm/postgres,authenticated=arwdDxtm/postgres,service_role=arwdDxtm/postgres}"",""table_name"":""generation_jobs"",""table_owner"":""postgres"",""is_grantable"":false,""table_schema"":""public"",""privilege_type"":""UPDATE"",""relacl_is_null"":false}"
SA07_table_privileges,public.generation_jobs,table_privilege,"{""grantee"":""service_role"",""grantor"":""postgres"",""relacl_raw"":""{postgres=arwdDxtm/postgres,anon=arwdDxtm/postgres,authenticated=arwdDxtm/postgres,service_role=arwdDxtm/postgres}"",""table_name"":""generation_jobs"",""table_owner"":""postgres"",""is_grantable"":false,""table_schema"":""public"",""privilege_type"":""DELETE"",""relacl_is_null"":false}"
SA07_table_privileges,public.generation_jobs,table_privilege,"{""grantee"":""service_role"",""grantor"":""postgres"",""relacl_raw"":""{postgres=arwdDxtm/postgres,anon=arwdDxtm/postgres,authenticated=arwdDxtm/postgres,service_role=arwdDxtm/postgres}"",""table_name"":""generation_jobs"",""table_owner"":""postgres"",""is_grantable"":false,""table_schema"":""public"",""privilege_type"":""TRUNCATE"",""relacl_is_null"":false}"
SA07_table_privileges,public.generation_jobs,table_privilege,"{""grantee"":""service_role"",""grantor"":""postgres"",""relacl_raw"":""{postgres=arwdDxtm/postgres,anon=arwdDxtm/postgres,authenticated=arwdDxtm/postgres,service_role=arwdDxtm/postgres}"",""table_name"":""generation_jobs"",""table_owner"":""postgres"",""is_grantable"":false,""table_schema"":""public"",""privilege_type"":""REFERENCES"",""relacl_is_null"":false}"
SA07_table_privileges,public.generation_jobs,table_privilege,"{""grantee"":""service_role"",""grantor"":""postgres"",""relacl_raw"":""{postgres=arwdDxtm/postgres,anon=arwdDxtm/postgres,authenticated=arwdDxtm/postgres,service_role=arwdDxtm/postgres}"",""table_name"":""generation_jobs"",""table_owner"":""postgres"",""is_grantable"":false,""table_schema"":""public"",""privilege_type"":""TRIGGER"",""relacl_is_null"":false}"
SA07_table_privileges,public.generation_jobs,table_privilege,"{""grantee"":""service_role"",""grantor"":""postgres"",""relacl_raw"":""{postgres=arwdDxtm/postgres,anon=arwdDxtm/postgres,authenticated=arwdDxtm/postgres,service_role=arwdDxtm/postgres}"",""table_name"":""generation_jobs"",""table_owner"":""postgres"",""is_grantable"":false,""table_schema"":""public"",""privilege_type"":""MAINTAIN"",""relacl_is_null"":false}"
SA07_table_privileges,public.study_visuals,table_privilege,"{""grantee"":""anon"",""grantor"":""postgres"",""relacl_raw"":""{postgres=arwdDxtm/postgres,anon=arwdDxtm/postgres,authenticated=arwdDxtm/postgres,service_role=arwdDxtm/postgres}"",""table_name"":""study_visuals"",""table_owner"":""postgres"",""is_grantable"":false,""table_schema"":""public"",""privilege_type"":""SELECT"",""relacl_is_null"":false}"
SA07_table_privileges,public.study_visuals,table_privilege,"{""grantee"":""anon"",""grantor"":""postgres"",""relacl_raw"":""{postgres=arwdDxtm/postgres,anon=arwdDxtm/postgres,authenticated=arwdDxtm/postgres,service_role=arwdDxtm/postgres}"",""table_name"":""study_visuals"",""table_owner"":""postgres"",""is_grantable"":false,""table_schema"":""public"",""privilege_type"":""UPDATE"",""relacl_is_null"":false}"
SA07_table_privileges,public.study_visuals,table_privilege,"{""grantee"":""anon"",""grantor"":""postgres"",""relacl_raw"":""{postgres=arwdDxtm/postgres,anon=arwdDxtm/postgres,authenticated=arwdDxtm/postgres,service_role=arwdDxtm/postgres}"",""table_name"":""study_visuals"",""table_owner"":""postgres"",""is_grantable"":false,""table_schema"":""public"",""privilege_type"":""DELETE"",""relacl_is_null"":false}"
SA07_table_privileges,public.study_visuals,table_privilege,"{""grantee"":""anon"",""grantor"":""postgres"",""relacl_raw"":""{postgres=arwdDxtm/postgres,anon=arwdDxtm/postgres,authenticated=arwdDxtm/postgres,service_role=arwdDxtm/postgres}"",""table_name"":""study_visuals"",""table_owner"":""postgres"",""is_grantable"":false,""table_schema"":""public"",""privilege_type"":""TRUNCATE"",""relacl_is_null"":false}"
SA07_table_privileges,public.study_visuals,table_privilege,"{""grantee"":""anon"",""grantor"":""postgres"",""relacl_raw"":""{postgres=arwdDxtm/postgres,anon=arwdDxtm/postgres,authenticated=arwdDxtm/postgres,service_role=arwdDxtm/postgres}"",""table_name"":""study_visuals"",""table_owner"":""postgres"",""is_grantable"":false,""table_schema"":""public"",""privilege_type"":""REFERENCES"",""relacl_is_null"":false}"
SA07_table_privileges,public.study_visuals,table_privilege,"{""grantee"":""anon"",""grantor"":""postgres"",""relacl_raw"":""{postgres=arwdDxtm/postgres,anon=arwdDxtm/postgres,authenticated=arwdDxtm/postgres,service_role=arwdDxtm/postgres}"",""table_name"":""study_visuals"",""table_owner"":""postgres"",""is_grantable"":false,""table_schema"":""public"",""privilege_type"":""TRIGGER"",""relacl_is_null"":false}"
SA07_table_privileges,public.study_visuals,table_privilege,"{""grantee"":""anon"",""grantor"":""postgres"",""relacl_raw"":""{postgres=arwdDxtm/postgres,anon=arwdDxtm/postgres,authenticated=arwdDxtm/postgres,service_role=arwdDxtm/postgres}"",""table_name"":""study_visuals"",""table_owner"":""postgres"",""is_grantable"":false,""table_schema"":""public"",""privilege_type"":""MAINTAIN"",""relacl_is_null"":false}"
SA07_table_privileges,public.study_visuals,table_privilege,"{""grantee"":""authenticated"",""grantor"":""postgres"",""relacl_raw"":""{postgres=arwdDxtm/postgres,anon=arwdDxtm/postgres,authenticated=arwdDxtm/postgres,service_role=arwdDxtm/postgres}"",""table_name"":""study_visuals"",""table_owner"":""postgres"",""is_grantable"":false,""table_schema"":""public"",""privilege_type"":""INSERT"",""relacl_is_null"":false}"
SA07_table_privileges,public.study_visuals,table_privilege,"{""grantee"":""authenticated"",""grantor"":""postgres"",""relacl_raw"":""{postgres=arwdDxtm/postgres,anon=arwdDxtm/postgres,authenticated=arwdDxtm/postgres,service_role=arwdDxtm/postgres}"",""table_name"":""study_visuals"",""table_owner"":""postgres"",""is_grantable"":false,""table_schema"":""public"",""privilege_type"":""SELECT"",""relacl_is_null"":false}"
SA07_table_privileges,public.study_visuals,table_privilege,"{""grantee"":""authenticated"",""grantor"":""postgres"",""relacl_raw"":""{postgres=arwdDxtm/postgres,anon=arwdDxtm/postgres,authenticated=arwdDxtm/postgres,service_role=arwdDxtm/postgres}"",""table_name"":""study_visuals"",""table_owner"":""postgres"",""is_grantable"":false,""table_schema"":""public"",""privilege_type"":""UPDATE"",""relacl_is_null"":false}"
SA07_table_privileges,public.study_visuals,table_privilege,"{""grantee"":""authenticated"",""grantor"":""postgres"",""relacl_raw"":""{postgres=arwdDxtm/postgres,anon=arwdDxtm/postgres,authenticated=arwdDxtm/postgres,service_role=arwdDxtm/postgres}"",""table_name"":""study_visuals"",""table_owner"":""postgres"",""is_grantable"":false,""table_schema"":""public"",""privilege_type"":""DELETE"",""relacl_is_null"":false}"
SA07_table_privileges,public.study_visuals,table_privilege,"{""grantee"":""authenticated"",""grantor"":""postgres"",""relacl_raw"":""{postgres=arwdDxtm/postgres,anon=arwdDxtm/postgres,authenticated=arwdDxtm/postgres,service_role=arwdDxtm/postgres}"",""table_name"":""study_visuals"",""table_owner"":""postgres"",""is_grantable"":false,""table_schema"":""public"",""privilege_type"":""TRUNCATE"",""relacl_is_null"":false}"
SA07_table_privileges,public.study_visuals,table_privilege,"{""grantee"":""authenticated"",""grantor"":""postgres"",""relacl_raw"":""{postgres=arwdDxtm/postgres,anon=arwdDxtm/postgres,authenticated=arwdDxtm/postgres,service_role=arwdDxtm/postgres}"",""table_name"":""study_visuals"",""table_owner"":""postgres"",""is_grantable"":false,""table_schema"":""public"",""privilege_type"":""REFERENCES"",""relacl_is_null"":false}"
SA07_table_privileges,public.study_visuals,table_privilege,"{""grantee"":""authenticated"",""grantor"":""postgres"",""relacl_raw"":""{postgres=arwdDxtm/postgres,anon=arwdDxtm/postgres,authenticated=arwdDxtm/postgres,service_role=arwdDxtm/postgres}"",""table_name"":""study_visuals"",""table_owner"":""postgres"",""is_grantable"":false,""table_schema"":""public"",""privilege_type"":""TRIGGER"",""relacl_is_null"":false}"
SA07_table_privileges,public.study_visuals,table_privilege,"{""grantee"":""authenticated"",""grantor"":""postgres"",""relacl_raw"":""{postgres=arwdDxtm/postgres,anon=arwdDxtm/postgres,authenticated=arwdDxtm/postgres,service_role=arwdDxtm/postgres}"",""table_name"":""study_visuals"",""table_owner"":""postgres"",""is_grantable"":false,""table_schema"":""public"",""privilege_type"":""MAINTAIN"",""relacl_is_null"":false}"
SA07_table_privileges,public.study_visuals,table_privilege,"{""grantee"":""service_role"",""grantor"":""postgres"",""relacl_raw"":""{postgres=arwdDxtm/postgres,anon=arwdDxtm/postgres,authenticated=arwdDxtm/postgres,service_role=arwdDxtm/postgres}"",""table_name"":""study_visuals"",""table_owner"":""postgres"",""is_grantable"":false,""table_schema"":""public"",""privilege_type"":""INSERT"",""relacl_is_null"":false}"
SA07_table_privileges,public.study_visuals,table_privilege,"{""grantee"":""service_role"",""grantor"":""postgres"",""relacl_raw"":""{postgres=arwdDxtm/postgres,anon=arwdDxtm/postgres,authenticated=arwdDxtm/postgres,service_role=arwdDxtm/postgres}"",""table_name"":""study_visuals"",""table_owner"":""postgres"",""is_grantable"":false,""table_schema"":""public"",""privilege_type"":""SELECT"",""relacl_is_null"":false}"
SA07_table_privileges,public.study_visuals,table_privilege,"{""grantee"":""service_role"",""grantor"":""postgres"",""relacl_raw"":""{postgres=arwdDxtm/postgres,anon=arwdDxtm/postgres,authenticated=arwdDxtm/postgres,service_role=arwdDxtm/postgres}"",""table_name"":""study_visuals"",""table_owner"":""postgres"",""is_grantable"":false,""table_schema"":""public"",""privilege_type"":""UPDATE"",""relacl_is_null"":false}"
SA07_table_privileges,public.study_visuals,table_privilege,"{""grantee"":""service_role"",""grantor"":""postgres"",""relacl_raw"":""{postgres=arwdDxtm/postgres,anon=arwdDxtm/postgres,authenticated=arwdDxtm/postgres,service_role=arwdDxtm/postgres}"",""table_name"":""study_visuals"",""table_owner"":""postgres"",""is_grantable"":false,""table_schema"":""public"",""privilege_type"":""DELETE"",""relacl_is_null"":false}"
SA07_table_privileges,public.study_visuals,table_privilege,"{""grantee"":""service_role"",""grantor"":""postgres"",""relacl_raw"":""{postgres=arwdDxtm/postgres,anon=arwdDxtm/postgres,authenticated=arwdDxtm/postgres,service_role=arwdDxtm/postgres}"",""table_name"":""study_visuals"",""table_owner"":""postgres"",""is_grantable"":false,""table_schema"":""public"",""privilege_type"":""TRUNCATE"",""relacl_is_null"":false}"
SA07_table_privileges,public.study_visuals,table_privilege,"{""grantee"":""service_role"",""grantor"":""postgres"",""relacl_raw"":""{postgres=arwdDxtm/postgres,anon=arwdDxtm/postgres,authenticated=arwdDxtm/postgres,service_role=arwdDxtm/postgres}"",""table_name"":""study_visuals"",""table_owner"":""postgres"",""is_grantable"":false,""table_schema"":""public"",""privilege_type"":""REFERENCES"",""relacl_is_null"":false}"
SA07_table_privileges,public.study_visuals,table_privilege,"{""grantee"":""service_role"",""grantor"":""postgres"",""relacl_raw"":""{postgres=arwdDxtm/postgres,anon=arwdDxtm/postgres,authenticated=arwdDxtm/postgres,service_role=arwdDxtm/postgres}"",""table_name"":""study_visuals"",""table_owner"":""postgres"",""is_grantable"":false,""table_schema"":""public"",""privilege_type"":""TRIGGER"",""relacl_is_null"":false}"
SA07_table_privileges,public.study_visuals,table_privilege,"{""grantee"":""service_role"",""grantor"":""postgres"",""relacl_raw"":""{postgres=arwdDxtm/postgres,anon=arwdDxtm/postgres,authenticated=arwdDxtm/postgres,service_role=arwdDxtm/postgres}"",""table_name"":""study_visuals"",""table_owner"":""postgres"",""is_grantable"":false,""table_schema"":""public"",""privilege_type"":""MAINTAIN"",""relacl_is_null"":false}"
SA07_table_privileges,public.study_visuals,table_privilege,"{""grantee"":""postgres"",""grantor"":""postgres"",""relacl_raw"":""{postgres=arwdDxtm/postgres,anon=arwdDxtm/postgres,authenticated=arwdDxtm/postgres,service_role=arwdDxtm/postgres}"",""table_name"":""study_visuals"",""table_owner"":""postgres"",""is_grantable"":false,""table_schema"":""public"",""privilege_type"":""INSERT"",""relacl_is_null"":false}"
SA07_table_privileges,public.study_visuals,table_privilege,"{""grantee"":""postgres"",""grantor"":""postgres"",""relacl_raw"":""{postgres=arwdDxtm/postgres,anon=arwdDxtm/postgres,authenticated=arwdDxtm/postgres,service_role=arwdDxtm/postgres}"",""table_name"":""study_visuals"",""table_owner"":""postgres"",""is_grantable"":false,""table_schema"":""public"",""privilege_type"":""SELECT"",""relacl_is_null"":false}"
SA07_table_privileges,public.study_visuals,table_privilege,"{""grantee"":""postgres"",""grantor"":""postgres"",""relacl_raw"":""{postgres=arwdDxtm/postgres,anon=arwdDxtm/postgres,authenticated=arwdDxtm/postgres,service_role=arwdDxtm/postgres}"",""table_name"":""study_visuals"",""table_owner"":""postgres"",""is_grantable"":false,""table_schema"":""public"",""privilege_type"":""UPDATE"",""relacl_is_null"":false}"
SA07_table_privileges,public.study_visuals,table_privilege,"{""grantee"":""postgres"",""grantor"":""postgres"",""relacl_raw"":""{postgres=arwdDxtm/postgres,anon=arwdDxtm/postgres,authenticated=arwdDxtm/postgres,service_role=arwdDxtm/postgres}"",""table_name"":""study_visuals"",""table_owner"":""postgres"",""is_grantable"":false,""table_schema"":""public"",""privilege_type"":""DELETE"",""relacl_is_null"":false}"
SA07_table_privileges,public.study_visuals,table_privilege,"{""grantee"":""postgres"",""grantor"":""postgres"",""relacl_raw"":""{postgres=arwdDxtm/postgres,anon=arwdDxtm/postgres,authenticated=arwdDxtm/postgres,service_role=arwdDxtm/postgres}"",""table_name"":""study_visuals"",""table_owner"":""postgres"",""is_grantable"":false,""table_schema"":""public"",""privilege_type"":""TRUNCATE"",""relacl_is_null"":false}"
SA07_table_privileges,public.study_visuals,table_privilege,"{""grantee"":""postgres"",""grantor"":""postgres"",""relacl_raw"":""{postgres=arwdDxtm/postgres,anon=arwdDxtm/postgres,authenticated=arwdDxtm/postgres,service_role=arwdDxtm/postgres}"",""table_name"":""study_visuals"",""table_owner"":""postgres"",""is_grantable"":false,""table_schema"":""public"",""privilege_type"":""REFERENCES"",""relacl_is_null"":false}"
SA07_table_privileges,public.study_visuals,table_privilege,"{""grantee"":""postgres"",""grantor"":""postgres"",""relacl_raw"":""{postgres=arwdDxtm/postgres,anon=arwdDxtm/postgres,authenticated=arwdDxtm/postgres,service_role=arwdDxtm/postgres}"",""table_name"":""study_visuals"",""table_owner"":""postgres"",""is_grantable"":false,""table_schema"":""public"",""privilege_type"":""TRIGGER"",""relacl_is_null"":false}"
SA07_table_privileges,public.study_visuals,table_privilege,"{""grantee"":""postgres"",""grantor"":""postgres"",""relacl_raw"":""{postgres=arwdDxtm/postgres,anon=arwdDxtm/postgres,authenticated=arwdDxtm/postgres,service_role=arwdDxtm/postgres}"",""table_name"":""study_visuals"",""table_owner"":""postgres"",""is_grantable"":false,""table_schema"":""public"",""privilege_type"":""MAINTAIN"",""relacl_is_null"":false}"
SA07_table_privileges,public.study_visuals,table_privilege,"{""grantee"":""anon"",""grantor"":""postgres"",""relacl_raw"":""{postgres=arwdDxtm/postgres,anon=arwdDxtm/postgres,authenticated=arwdDxtm/postgres,service_role=arwdDxtm/postgres}"",""table_name"":""study_visuals"",""table_owner"":""postgres"",""is_grantable"":false,""table_schema"":""public"",""privilege_type"":""INSERT"",""relacl_is_null"":false}"
SA08_storage_objects_privileges,storage.objects,storage_table_privilege,"{""grantee"":""postgres"",""grantor"":""supabase_storage_admin"",""relacl_raw"":""{supabase_storage_admin=a*r*w*d*D*x*t*m*/supabase_storage_admin,service_role=arwdDxtm/supabase_storage_admin,authenticated=arwdDxtm/supabase_storage_admin,anon=arwdDxtm/supabase_storage_admin,postgres=a*r*w*d*D*x*t*m*/supabase_storage_admin}"",""table_name"":""objects"",""table_owner"":""supabase_storage_admin"",""is_grantable"":true,""table_schema"":""storage"",""privilege_type"":""INSERT"",""relacl_is_null"":false}"
SA08_storage_objects_privileges,storage.objects,storage_table_privilege,"{""grantee"":""postgres"",""grantor"":""supabase_storage_admin"",""relacl_raw"":""{supabase_storage_admin=a*r*w*d*D*x*t*m*/supabase_storage_admin,service_role=arwdDxtm/supabase_storage_admin,authenticated=arwdDxtm/supabase_storage_admin,anon=arwdDxtm/supabase_storage_admin,postgres=a*r*w*d*D*x*t*m*/supabase_storage_admin}"",""table_name"":""objects"",""table_owner"":""supabase_storage_admin"",""is_grantable"":true,""table_schema"":""storage"",""privilege_type"":""SELECT"",""relacl_is_null"":false}"
SA08_storage_objects_privileges,storage.objects,storage_table_privilege,"{""grantee"":""postgres"",""grantor"":""supabase_storage_admin"",""relacl_raw"":""{supabase_storage_admin=a*r*w*d*D*x*t*m*/supabase_storage_admin,service_role=arwdDxtm/supabase_storage_admin,authenticated=arwdDxtm/supabase_storage_admin,anon=arwdDxtm/supabase_storage_admin,postgres=a*r*w*d*D*x*t*m*/supabase_storage_admin}"",""table_name"":""objects"",""table_owner"":""supabase_storage_admin"",""is_grantable"":true,""table_schema"":""storage"",""privilege_type"":""UPDATE"",""relacl_is_null"":false}"
SA08_storage_objects_privileges,storage.objects,storage_table_privilege,"{""grantee"":""postgres"",""grantor"":""supabase_storage_admin"",""relacl_raw"":""{supabase_storage_admin=a*r*w*d*D*x*t*m*/supabase_storage_admin,service_role=arwdDxtm/supabase_storage_admin,authenticated=arwdDxtm/supabase_storage_admin,anon=arwdDxtm/supabase_storage_admin,postgres=a*r*w*d*D*x*t*m*/supabase_storage_admin}"",""table_name"":""objects"",""table_owner"":""supabase_storage_admin"",""is_grantable"":true,""table_schema"":""storage"",""privilege_type"":""DELETE"",""relacl_is_null"":false}"
SA08_storage_objects_privileges,storage.objects,storage_table_privilege,"{""grantee"":""postgres"",""grantor"":""supabase_storage_admin"",""relacl_raw"":""{supabase_storage_admin=a*r*w*d*D*x*t*m*/supabase_storage_admin,service_role=arwdDxtm/supabase_storage_admin,authenticated=arwdDxtm/supabase_storage_admin,anon=arwdDxtm/supabase_storage_admin,postgres=a*r*w*d*D*x*t*m*/supabase_storage_admin}"",""table_name"":""objects"",""table_owner"":""supabase_storage_admin"",""is_grantable"":true,""table_schema"":""storage"",""privilege_type"":""TRUNCATE"",""relacl_is_null"":false}"
SA08_storage_objects_privileges,storage.objects,storage_table_privilege,"{""grantee"":""postgres"",""grantor"":""supabase_storage_admin"",""relacl_raw"":""{supabase_storage_admin=a*r*w*d*D*x*t*m*/supabase_storage_admin,service_role=arwdDxtm/supabase_storage_admin,authenticated=arwdDxtm/supabase_storage_admin,anon=arwdDxtm/supabase_storage_admin,postgres=a*r*w*d*D*x*t*m*/supabase_storage_admin}"",""table_name"":""objects"",""table_owner"":""supabase_storage_admin"",""is_grantable"":true,""table_schema"":""storage"",""privilege_type"":""REFERENCES"",""relacl_is_null"":false}"
SA08_storage_objects_privileges,storage.objects,storage_table_privilege,"{""grantee"":""postgres"",""grantor"":""supabase_storage_admin"",""relacl_raw"":""{supabase_storage_admin=a*r*w*d*D*x*t*m*/supabase_storage_admin,service_role=arwdDxtm/supabase_storage_admin,authenticated=arwdDxtm/supabase_storage_admin,anon=arwdDxtm/supabase_storage_admin,postgres=a*r*w*d*D*x*t*m*/supabase_storage_admin}"",""table_name"":""objects"",""table_owner"":""supabase_storage_admin"",""is_grantable"":true,""table_schema"":""storage"",""privilege_type"":""TRIGGER"",""relacl_is_null"":false}"
SA08_storage_objects_privileges,storage.objects,storage_table_privilege,"{""grantee"":""postgres"",""grantor"":""supabase_storage_admin"",""relacl_raw"":""{supabase_storage_admin=a*r*w*d*D*x*t*m*/supabase_storage_admin,service_role=arwdDxtm/supabase_storage_admin,authenticated=arwdDxtm/supabase_storage_admin,anon=arwdDxtm/supabase_storage_admin,postgres=a*r*w*d*D*x*t*m*/supabase_storage_admin}"",""table_name"":""objects"",""table_owner"":""supabase_storage_admin"",""is_grantable"":true,""table_schema"":""storage"",""privilege_type"":""MAINTAIN"",""relacl_is_null"":false}"
SA08_storage_objects_privileges,storage.objects,storage_table_privilege,"{""grantee"":""anon"",""grantor"":""supabase_storage_admin"",""relacl_raw"":""{supabase_storage_admin=a*r*w*d*D*x*t*m*/supabase_storage_admin,service_role=arwdDxtm/supabase_storage_admin,authenticated=arwdDxtm/supabase_storage_admin,anon=arwdDxtm/supabase_storage_admin,postgres=a*r*w*d*D*x*t*m*/supabase_storage_admin}"",""table_name"":""objects"",""table_owner"":""supabase_storage_admin"",""is_grantable"":false,""table_schema"":""storage"",""privilege_type"":""MAINTAIN"",""relacl_is_null"":false}"
SA08_storage_objects_privileges,storage.objects,storage_table_privilege,"{""grantee"":""supabase_storage_admin"",""grantor"":""supabase_storage_admin"",""relacl_raw"":""{supabase_storage_admin=a*r*w*d*D*x*t*m*/supabase_storage_admin,service_role=arwdDxtm/supabase_storage_admin,authenticated=arwdDxtm/supabase_storage_admin,anon=arwdDxtm/supabase_storage_admin,postgres=a*r*w*d*D*x*t*m*/supabase_storage_admin}"",""table_name"":""objects"",""table_owner"":""supabase_storage_admin"",""is_grantable"":true,""table_schema"":""storage"",""privilege_type"":""INSERT"",""relacl_is_null"":false}"
SA08_storage_objects_privileges,storage.objects,storage_table_privilege,"{""grantee"":""supabase_storage_admin"",""grantor"":""supabase_storage_admin"",""relacl_raw"":""{supabase_storage_admin=a*r*w*d*D*x*t*m*/supabase_storage_admin,service_role=arwdDxtm/supabase_storage_admin,authenticated=arwdDxtm/supabase_storage_admin,anon=arwdDxtm/supabase_storage_admin,postgres=a*r*w*d*D*x*t*m*/supabase_storage_admin}"",""table_name"":""objects"",""table_owner"":""supabase_storage_admin"",""is_grantable"":true,""table_schema"":""storage"",""privilege_type"":""SELECT"",""relacl_is_null"":false}"
SA08_storage_objects_privileges,storage.objects,storage_table_privilege,"{""grantee"":""supabase_storage_admin"",""grantor"":""supabase_storage_admin"",""relacl_raw"":""{supabase_storage_admin=a*r*w*d*D*x*t*m*/supabase_storage_admin,service_role=arwdDxtm/supabase_storage_admin,authenticated=arwdDxtm/supabase_storage_admin,anon=arwdDxtm/supabase_storage_admin,postgres=a*r*w*d*D*x*t*m*/supabase_storage_admin}"",""table_name"":""objects"",""table_owner"":""supabase_storage_admin"",""is_grantable"":true,""table_schema"":""storage"",""privilege_type"":""UPDATE"",""relacl_is_null"":false}"
SA08_storage_objects_privileges,storage.objects,storage_table_privilege,"{""grantee"":""supabase_storage_admin"",""grantor"":""supabase_storage_admin"",""relacl_raw"":""{supabase_storage_admin=a*r*w*d*D*x*t*m*/supabase_storage_admin,service_role=arwdDxtm/supabase_storage_admin,authenticated=arwdDxtm/supabase_storage_admin,anon=arwdDxtm/supabase_storage_admin,postgres=a*r*w*d*D*x*t*m*/supabase_storage_admin}"",""table_name"":""objects"",""table_owner"":""supabase_storage_admin"",""is_grantable"":true,""table_schema"":""storage"",""privilege_type"":""DELETE"",""relacl_is_null"":false}"
SA08_storage_objects_privileges,storage.objects,storage_table_privilege,"{""grantee"":""supabase_storage_admin"",""grantor"":""supabase_storage_admin"",""relacl_raw"":""{supabase_storage_admin=a*r*w*d*D*x*t*m*/supabase_storage_admin,service_role=arwdDxtm/supabase_storage_admin,authenticated=arwdDxtm/supabase_storage_admin,anon=arwdDxtm/supabase_storage_admin,postgres=a*r*w*d*D*x*t*m*/supabase_storage_admin}"",""table_name"":""objects"",""table_owner"":""supabase_storage_admin"",""is_grantable"":true,""table_schema"":""storage"",""privilege_type"":""TRUNCATE"",""relacl_is_null"":false}"
SA08_storage_objects_privileges,storage.objects,storage_table_privilege,"{""grantee"":""supabase_storage_admin"",""grantor"":""supabase_storage_admin"",""relacl_raw"":""{supabase_storage_admin=a*r*w*d*D*x*t*m*/supabase_storage_admin,service_role=arwdDxtm/supabase_storage_admin,authenticated=arwdDxtm/supabase_storage_admin,anon=arwdDxtm/supabase_storage_admin,postgres=a*r*w*d*D*x*t*m*/supabase_storage_admin}"",""table_name"":""objects"",""table_owner"":""supabase_storage_admin"",""is_grantable"":true,""table_schema"":""storage"",""privilege_type"":""REFERENCES"",""relacl_is_null"":false}"
SA08_storage_objects_privileges,storage.objects,storage_table_privilege,"{""grantee"":""supabase_storage_admin"",""grantor"":""supabase_storage_admin"",""relacl_raw"":""{supabase_storage_admin=a*r*w*d*D*x*t*m*/supabase_storage_admin,service_role=arwdDxtm/supabase_storage_admin,authenticated=arwdDxtm/supabase_storage_admin,anon=arwdDxtm/supabase_storage_admin,postgres=a*r*w*d*D*x*t*m*/supabase_storage_admin}"",""table_name"":""objects"",""table_owner"":""supabase_storage_admin"",""is_grantable"":true,""table_schema"":""storage"",""privilege_type"":""TRIGGER"",""relacl_is_null"":false}"
SA08_storage_objects_privileges,storage.objects,storage_table_privilege,"{""grantee"":""supabase_storage_admin"",""grantor"":""supabase_storage_admin"",""relacl_raw"":""{supabase_storage_admin=a*r*w*d*D*x*t*m*/supabase_storage_admin,service_role=arwdDxtm/supabase_storage_admin,authenticated=arwdDxtm/supabase_storage_admin,anon=arwdDxtm/supabase_storage_admin,postgres=a*r*w*d*D*x*t*m*/supabase_storage_admin}"",""table_name"":""objects"",""table_owner"":""supabase_storage_admin"",""is_grantable"":true,""table_schema"":""storage"",""privilege_type"":""MAINTAIN"",""relacl_is_null"":false}"
SA08_storage_objects_privileges,storage.objects,storage_table_privilege,"{""grantee"":""service_role"",""grantor"":""supabase_storage_admin"",""relacl_raw"":""{supabase_storage_admin=a*r*w*d*D*x*t*m*/supabase_storage_admin,service_role=arwdDxtm/supabase_storage_admin,authenticated=arwdDxtm/supabase_storage_admin,anon=arwdDxtm/supabase_storage_admin,postgres=a*r*w*d*D*x*t*m*/supabase_storage_admin}"",""table_name"":""objects"",""table_owner"":""supabase_storage_admin"",""is_grantable"":false,""table_schema"":""storage"",""privilege_type"":""INSERT"",""relacl_is_null"":false}"
SA08_storage_objects_privileges,storage.objects,storage_table_privilege,"{""grantee"":""service_role"",""grantor"":""supabase_storage_admin"",""relacl_raw"":""{supabase_storage_admin=a*r*w*d*D*x*t*m*/supabase_storage_admin,service_role=arwdDxtm/supabase_storage_admin,authenticated=arwdDxtm/supabase_storage_admin,anon=arwdDxtm/supabase_storage_admin,postgres=a*r*w*d*D*x*t*m*/supabase_storage_admin}"",""table_name"":""objects"",""table_owner"":""supabase_storage_admin"",""is_grantable"":false,""table_schema"":""storage"",""privilege_type"":""SELECT"",""relacl_is_null"":false}"
SA08_storage_objects_privileges,storage.objects,storage_table_privilege,"{""grantee"":""service_role"",""grantor"":""supabase_storage_admin"",""relacl_raw"":""{supabase_storage_admin=a*r*w*d*D*x*t*m*/supabase_storage_admin,service_role=arwdDxtm/supabase_storage_admin,authenticated=arwdDxtm/supabase_storage_admin,anon=arwdDxtm/supabase_storage_admin,postgres=a*r*w*d*D*x*t*m*/supabase_storage_admin}"",""table_name"":""objects"",""table_owner"":""supabase_storage_admin"",""is_grantable"":false,""table_schema"":""storage"",""privilege_type"":""UPDATE"",""relacl_is_null"":false}"
SA08_storage_objects_privileges,storage.objects,storage_table_privilege,"{""grantee"":""service_role"",""grantor"":""supabase_storage_admin"",""relacl_raw"":""{supabase_storage_admin=a*r*w*d*D*x*t*m*/supabase_storage_admin,service_role=arwdDxtm/supabase_storage_admin,authenticated=arwdDxtm/supabase_storage_admin,anon=arwdDxtm/supabase_storage_admin,postgres=a*r*w*d*D*x*t*m*/supabase_storage_admin}"",""table_name"":""objects"",""table_owner"":""supabase_storage_admin"",""is_grantable"":false,""table_schema"":""storage"",""privilege_type"":""DELETE"",""relacl_is_null"":false}"
SA08_storage_objects_privileges,storage.objects,storage_table_privilege,"{""grantee"":""service_role"",""grantor"":""supabase_storage_admin"",""relacl_raw"":""{supabase_storage_admin=a*r*w*d*D*x*t*m*/supabase_storage_admin,service_role=arwdDxtm/supabase_storage_admin,authenticated=arwdDxtm/supabase_storage_admin,anon=arwdDxtm/supabase_storage_admin,postgres=a*r*w*d*D*x*t*m*/supabase_storage_admin}"",""table_name"":""objects"",""table_owner"":""supabase_storage_admin"",""is_grantable"":false,""table_schema"":""storage"",""privilege_type"":""TRUNCATE"",""relacl_is_null"":false}"
SA08_storage_objects_privileges,storage.objects,storage_table_privilege,"{""grantee"":""service_role"",""grantor"":""supabase_storage_admin"",""relacl_raw"":""{supabase_storage_admin=a*r*w*d*D*x*t*m*/supabase_storage_admin,service_role=arwdDxtm/supabase_storage_admin,authenticated=arwdDxtm/supabase_storage_admin,anon=arwdDxtm/supabase_storage_admin,postgres=a*r*w*d*D*x*t*m*/supabase_storage_admin}"",""table_name"":""objects"",""table_owner"":""supabase_storage_admin"",""is_grantable"":false,""table_schema"":""storage"",""privilege_type"":""REFERENCES"",""relacl_is_null"":false}"
SA08_storage_objects_privileges,storage.objects,storage_table_privilege,"{""grantee"":""service_role"",""grantor"":""supabase_storage_admin"",""relacl_raw"":""{supabase_storage_admin=a*r*w*d*D*x*t*m*/supabase_storage_admin,service_role=arwdDxtm/supabase_storage_admin,authenticated=arwdDxtm/supabase_storage_admin,anon=arwdDxtm/supabase_storage_admin,postgres=a*r*w*d*D*x*t*m*/supabase_storage_admin}"",""table_name"":""objects"",""table_owner"":""supabase_storage_admin"",""is_grantable"":false,""table_schema"":""storage"",""privilege_type"":""TRIGGER"",""relacl_is_null"":false}"
SA08_storage_objects_privileges,storage.objects,storage_table_privilege,"{""grantee"":""service_role"",""grantor"":""supabase_storage_admin"",""relacl_raw"":""{supabase_storage_admin=a*r*w*d*D*x*t*m*/supabase_storage_admin,service_role=arwdDxtm/supabase_storage_admin,authenticated=arwdDxtm/supabase_storage_admin,anon=arwdDxtm/supabase_storage_admin,postgres=a*r*w*d*D*x*t*m*/supabase_storage_admin}"",""table_name"":""objects"",""table_owner"":""supabase_storage_admin"",""is_grantable"":false,""table_schema"":""storage"",""privilege_type"":""MAINTAIN"",""relacl_is_null"":false}"
SA08_storage_objects_privileges,storage.objects,storage_table_privilege,"{""grantee"":""authenticated"",""grantor"":""supabase_storage_admin"",""relacl_raw"":""{supabase_storage_admin=a*r*w*d*D*x*t*m*/supabase_storage_admin,service_role=arwdDxtm/supabase_storage_admin,authenticated=arwdDxtm/supabase_storage_admin,anon=arwdDxtm/supabase_storage_admin,postgres=a*r*w*d*D*x*t*m*/supabase_storage_admin}"",""table_name"":""objects"",""table_owner"":""supabase_storage_admin"",""is_grantable"":false,""table_schema"":""storage"",""privilege_type"":""INSERT"",""relacl_is_null"":false}"
SA08_storage_objects_privileges,storage.objects,storage_table_privilege,"{""grantee"":""authenticated"",""grantor"":""supabase_storage_admin"",""relacl_raw"":""{supabase_storage_admin=a*r*w*d*D*x*t*m*/supabase_storage_admin,service_role=arwdDxtm/supabase_storage_admin,authenticated=arwdDxtm/supabase_storage_admin,anon=arwdDxtm/supabase_storage_admin,postgres=a*r*w*d*D*x*t*m*/supabase_storage_admin}"",""table_name"":""objects"",""table_owner"":""supabase_storage_admin"",""is_grantable"":false,""table_schema"":""storage"",""privilege_type"":""SELECT"",""relacl_is_null"":false}"
SA08_storage_objects_privileges,storage.objects,storage_table_privilege,"{""grantee"":""authenticated"",""grantor"":""supabase_storage_admin"",""relacl_raw"":""{supabase_storage_admin=a*r*w*d*D*x*t*m*/supabase_storage_admin,service_role=arwdDxtm/supabase_storage_admin,authenticated=arwdDxtm/supabase_storage_admin,anon=arwdDxtm/supabase_storage_admin,postgres=a*r*w*d*D*x*t*m*/supabase_storage_admin}"",""table_name"":""objects"",""table_owner"":""supabase_storage_admin"",""is_grantable"":false,""table_schema"":""storage"",""privilege_type"":""UPDATE"",""relacl_is_null"":false}"
SA08_storage_objects_privileges,storage.objects,storage_table_privilege,"{""grantee"":""authenticated"",""grantor"":""supabase_storage_admin"",""relacl_raw"":""{supabase_storage_admin=a*r*w*d*D*x*t*m*/supabase_storage_admin,service_role=arwdDxtm/supabase_storage_admin,authenticated=arwdDxtm/supabase_storage_admin,anon=arwdDxtm/supabase_storage_admin,postgres=a*r*w*d*D*x*t*m*/supabase_storage_admin}"",""table_name"":""objects"",""table_owner"":""supabase_storage_admin"",""is_grantable"":false,""table_schema"":""storage"",""privilege_type"":""DELETE"",""relacl_is_null"":false}"
SA08_storage_objects_privileges,storage.objects,storage_table_privilege,"{""grantee"":""authenticated"",""grantor"":""supabase_storage_admin"",""relacl_raw"":""{supabase_storage_admin=a*r*w*d*D*x*t*m*/supabase_storage_admin,service_role=arwdDxtm/supabase_storage_admin,authenticated=arwdDxtm/supabase_storage_admin,anon=arwdDxtm/supabase_storage_admin,postgres=a*r*w*d*D*x*t*m*/supabase_storage_admin}"",""table_name"":""objects"",""table_owner"":""supabase_storage_admin"",""is_grantable"":false,""table_schema"":""storage"",""privilege_type"":""TRUNCATE"",""relacl_is_null"":false}"
SA08_storage_objects_privileges,storage.objects,storage_table_privilege,"{""grantee"":""authenticated"",""grantor"":""supabase_storage_admin"",""relacl_raw"":""{supabase_storage_admin=a*r*w*d*D*x*t*m*/supabase_storage_admin,service_role=arwdDxtm/supabase_storage_admin,authenticated=arwdDxtm/supabase_storage_admin,anon=arwdDxtm/supabase_storage_admin,postgres=a*r*w*d*D*x*t*m*/supabase_storage_admin}"",""table_name"":""objects"",""table_owner"":""supabase_storage_admin"",""is_grantable"":false,""table_schema"":""storage"",""privilege_type"":""REFERENCES"",""relacl_is_null"":false}"
SA08_storage_objects_privileges,storage.objects,storage_table_privilege,"{""grantee"":""authenticated"",""grantor"":""supabase_storage_admin"",""relacl_raw"":""{supabase_storage_admin=a*r*w*d*D*x*t*m*/supabase_storage_admin,service_role=arwdDxtm/supabase_storage_admin,authenticated=arwdDxtm/supabase_storage_admin,anon=arwdDxtm/supabase_storage_admin,postgres=a*r*w*d*D*x*t*m*/supabase_storage_admin}"",""table_name"":""objects"",""table_owner"":""supabase_storage_admin"",""is_grantable"":false,""table_schema"":""storage"",""privilege_type"":""TRIGGER"",""relacl_is_null"":false}"
SA08_storage_objects_privileges,storage.objects,storage_table_privilege,"{""grantee"":""authenticated"",""grantor"":""supabase_storage_admin"",""relacl_raw"":""{supabase_storage_admin=a*r*w*d*D*x*t*m*/supabase_storage_admin,service_role=arwdDxtm/supabase_storage_admin,authenticated=arwdDxtm/supabase_storage_admin,anon=arwdDxtm/supabase_storage_admin,postgres=a*r*w*d*D*x*t*m*/supabase_storage_admin}"",""table_name"":""objects"",""table_owner"":""supabase_storage_admin"",""is_grantable"":false,""table_schema"":""storage"",""privilege_type"":""MAINTAIN"",""relacl_is_null"":false}"
SA08_storage_objects_privileges,storage.objects,storage_table_privilege,"{""grantee"":""anon"",""grantor"":""supabase_storage_admin"",""relacl_raw"":""{supabase_storage_admin=a*r*w*d*D*x*t*m*/supabase_storage_admin,service_role=arwdDxtm/supabase_storage_admin,authenticated=arwdDxtm/supabase_storage_admin,anon=arwdDxtm/supabase_storage_admin,postgres=a*r*w*d*D*x*t*m*/supabase_storage_admin}"",""table_name"":""objects"",""table_owner"":""supabase_storage_admin"",""is_grantable"":false,""table_schema"":""storage"",""privilege_type"":""INSERT"",""relacl_is_null"":false}"
SA08_storage_objects_privileges,storage.objects,storage_table_privilege,"{""grantee"":""anon"",""grantor"":""supabase_storage_admin"",""relacl_raw"":""{supabase_storage_admin=a*r*w*d*D*x*t*m*/supabase_storage_admin,service_role=arwdDxtm/supabase_storage_admin,authenticated=arwdDxtm/supabase_storage_admin,anon=arwdDxtm/supabase_storage_admin,postgres=a*r*w*d*D*x*t*m*/supabase_storage_admin}"",""table_name"":""objects"",""table_owner"":""supabase_storage_admin"",""is_grantable"":false,""table_schema"":""storage"",""privilege_type"":""SELECT"",""relacl_is_null"":false}"
SA08_storage_objects_privileges,storage.objects,storage_table_privilege,"{""grantee"":""anon"",""grantor"":""supabase_storage_admin"",""relacl_raw"":""{supabase_storage_admin=a*r*w*d*D*x*t*m*/supabase_storage_admin,service_role=arwdDxtm/supabase_storage_admin,authenticated=arwdDxtm/supabase_storage_admin,anon=arwdDxtm/supabase_storage_admin,postgres=a*r*w*d*D*x*t*m*/supabase_storage_admin}"",""table_name"":""objects"",""table_owner"":""supabase_storage_admin"",""is_grantable"":false,""table_schema"":""storage"",""privilege_type"":""UPDATE"",""relacl_is_null"":false}"
SA08_storage_objects_privileges,storage.objects,storage_table_privilege,"{""grantee"":""anon"",""grantor"":""supabase_storage_admin"",""relacl_raw"":""{supabase_storage_admin=a*r*w*d*D*x*t*m*/supabase_storage_admin,service_role=arwdDxtm/supabase_storage_admin,authenticated=arwdDxtm/supabase_storage_admin,anon=arwdDxtm/supabase_storage_admin,postgres=a*r*w*d*D*x*t*m*/supabase_storage_admin}"",""table_name"":""objects"",""table_owner"":""supabase_storage_admin"",""is_grantable"":false,""table_schema"":""storage"",""privilege_type"":""DELETE"",""relacl_is_null"":false}"
SA08_storage_objects_privileges,storage.objects,storage_table_privilege,"{""grantee"":""anon"",""grantor"":""supabase_storage_admin"",""relacl_raw"":""{supabase_storage_admin=a*r*w*d*D*x*t*m*/supabase_storage_admin,service_role=arwdDxtm/supabase_storage_admin,authenticated=arwdDxtm/supabase_storage_admin,anon=arwdDxtm/supabase_storage_admin,postgres=a*r*w*d*D*x*t*m*/supabase_storage_admin}"",""table_name"":""objects"",""table_owner"":""supabase_storage_admin"",""is_grantable"":false,""table_schema"":""storage"",""privilege_type"":""TRUNCATE"",""relacl_is_null"":false}"
SA08_storage_objects_privileges,storage.objects,storage_table_privilege,"{""grantee"":""anon"",""grantor"":""supabase_storage_admin"",""relacl_raw"":""{supabase_storage_admin=a*r*w*d*D*x*t*m*/supabase_storage_admin,service_role=arwdDxtm/supabase_storage_admin,authenticated=arwdDxtm/supabase_storage_admin,anon=arwdDxtm/supabase_storage_admin,postgres=a*r*w*d*D*x*t*m*/supabase_storage_admin}"",""table_name"":""objects"",""table_owner"":""supabase_storage_admin"",""is_grantable"":false,""table_schema"":""storage"",""privilege_type"":""REFERENCES"",""relacl_is_null"":false}"
SA08_storage_objects_privileges,storage.objects,storage_table_privilege,"{""grantee"":""anon"",""grantor"":""supabase_storage_admin"",""relacl_raw"":""{supabase_storage_admin=a*r*w*d*D*x*t*m*/supabase_storage_admin,service_role=arwdDxtm/supabase_storage_admin,authenticated=arwdDxtm/supabase_storage_admin,anon=arwdDxtm/supabase_storage_admin,postgres=a*r*w*d*D*x*t*m*/supabase_storage_admin}"",""table_name"":""objects"",""table_owner"":""supabase_storage_admin"",""is_grantable"":false,""table_schema"":""storage"",""privilege_type"":""TRIGGER"",""relacl_is_null"":false}"
SA10_schema_privileges,auth,schema_privilege,"{""grantee"":""authenticated"",""grantor"":""supabase_admin"",""nspacl_raw"":""{supabase_admin=UC/supabase_admin,anon=U/supabase_admin,authenticated=U/supabase_admin,service_role=U/supabase_admin,supabase_auth_admin=UC/supabase_admin,dashboard_user=UC/supabase_admin,postgres=U/supabase_admin}"",""schema_name"":""auth"",""is_grantable"":false,""schema_owner"":""supabase_admin"",""nspacl_is_null"":false,""privilege_type"":""USAGE""}"
SA10_schema_privileges,auth,schema_privilege,"{""grantee"":""service_role"",""grantor"":""supabase_admin"",""nspacl_raw"":""{supabase_admin=UC/supabase_admin,anon=U/supabase_admin,authenticated=U/supabase_admin,service_role=U/supabase_admin,supabase_auth_admin=UC/supabase_admin,dashboard_user=UC/supabase_admin,postgres=U/supabase_admin}"",""schema_name"":""auth"",""is_grantable"":false,""schema_owner"":""supabase_admin"",""nspacl_is_null"":false,""privilege_type"":""USAGE""}"
SA10_schema_privileges,auth,schema_privilege,"{""grantee"":""supabase_auth_admin"",""grantor"":""supabase_admin"",""nspacl_raw"":""{supabase_admin=UC/supabase_admin,anon=U/supabase_admin,authenticated=U/supabase_admin,service_role=U/supabase_admin,supabase_auth_admin=UC/supabase_admin,dashboard_user=UC/supabase_admin,postgres=U/supabase_admin}"",""schema_name"":""auth"",""is_grantable"":false,""schema_owner"":""supabase_admin"",""nspacl_is_null"":false,""privilege_type"":""USAGE""}"
SA10_schema_privileges,auth,schema_privilege,"{""grantee"":""supabase_auth_admin"",""grantor"":""supabase_admin"",""nspacl_raw"":""{supabase_admin=UC/supabase_admin,anon=U/supabase_admin,authenticated=U/supabase_admin,service_role=U/supabase_admin,supabase_auth_admin=UC/supabase_admin,dashboard_user=UC/supabase_admin,postgres=U/supabase_admin}"",""schema_name"":""auth"",""is_grantable"":false,""schema_owner"":""supabase_admin"",""nspacl_is_null"":false,""privilege_type"":""CREATE""}"
SA10_schema_privileges,auth,schema_privilege,"{""grantee"":""dashboard_user"",""grantor"":""supabase_admin"",""nspacl_raw"":""{supabase_admin=UC/supabase_admin,anon=U/supabase_admin,authenticated=U/supabase_admin,service_role=U/supabase_admin,supabase_auth_admin=UC/supabase_admin,dashboard_user=UC/supabase_admin,postgres=U/supabase_admin}"",""schema_name"":""auth"",""is_grantable"":false,""schema_owner"":""supabase_admin"",""nspacl_is_null"":false,""privilege_type"":""USAGE""}"
SA10_schema_privileges,auth,schema_privilege,"{""grantee"":""dashboard_user"",""grantor"":""supabase_admin"",""nspacl_raw"":""{supabase_admin=UC/supabase_admin,anon=U/supabase_admin,authenticated=U/supabase_admin,service_role=U/supabase_admin,supabase_auth_admin=UC/supabase_admin,dashboard_user=UC/supabase_admin,postgres=U/supabase_admin}"",""schema_name"":""auth"",""is_grantable"":false,""schema_owner"":""supabase_admin"",""nspacl_is_null"":false,""privilege_type"":""CREATE""}"
SA10_schema_privileges,auth,schema_privilege,"{""grantee"":""postgres"",""grantor"":""supabase_admin"",""nspacl_raw"":""{supabase_admin=UC/supabase_admin,anon=U/supabase_admin,authenticated=U/supabase_admin,service_role=U/supabase_admin,supabase_auth_admin=UC/supabase_admin,dashboard_user=UC/supabase_admin,postgres=U/supabase_admin}"",""schema_name"":""auth"",""is_grantable"":false,""schema_owner"":""supabase_admin"",""nspacl_is_null"":false,""privilege_type"":""USAGE""}"
SA10_schema_privileges,auth,schema_privilege,"{""grantee"":""supabase_admin"",""grantor"":""supabase_admin"",""nspacl_raw"":""{supabase_admin=UC/supabase_admin,anon=U/supabase_admin,authenticated=U/supabase_admin,service_role=U/supabase_admin,supabase_auth_admin=UC/supabase_admin,dashboard_user=UC/supabase_admin,postgres=U/supabase_admin}"",""schema_name"":""auth"",""is_grantable"":false,""schema_owner"":""supabase_admin"",""nspacl_is_null"":false,""privilege_type"":""USAGE""}"
SA10_schema_privileges,auth,schema_privilege,"{""grantee"":""supabase_admin"",""grantor"":""supabase_admin"",""nspacl_raw"":""{supabase_admin=UC/supabase_admin,anon=U/supabase_admin,authenticated=U/supabase_admin,service_role=U/supabase_admin,supabase_auth_admin=UC/supabase_admin,dashboard_user=UC/supabase_admin,postgres=U/supabase_admin}"",""schema_name"":""auth"",""is_grantable"":false,""schema_owner"":""supabase_admin"",""nspacl_is_null"":false,""privilege_type"":""CREATE""}"
SA10_schema_privileges,auth,schema_privilege,"{""grantee"":""anon"",""grantor"":""supabase_admin"",""nspacl_raw"":""{supabase_admin=UC/supabase_admin,anon=U/supabase_admin,authenticated=U/supabase_admin,service_role=U/supabase_admin,supabase_auth_admin=UC/supabase_admin,dashboard_user=UC/supabase_admin,postgres=U/supabase_admin}"",""schema_name"":""auth"",""is_grantable"":false,""schema_owner"":""supabase_admin"",""nspacl_is_null"":false,""privilege_type"":""USAGE""}"
SA10_schema_privileges,public,schema_privilege,"{""grantee"":""pg_database_owner"",""grantor"":""pg_database_owner"",""nspacl_raw"":""{pg_database_owner=UC/pg_database_owner,=U/pg_database_owner,postgres=U/pg_database_owner,anon=U/pg_database_owner,authenticated=U/pg_database_owner,service_role=U/pg_database_owner}"",""schema_name"":""public"",""is_grantable"":false,""schema_owner"":""pg_database_owner"",""nspacl_is_null"":false,""privilege_type"":""USAGE""}"
SA10_schema_privileges,public,schema_privilege,"{""grantee"":""pg_database_owner"",""grantor"":""pg_database_owner"",""nspacl_raw"":""{pg_database_owner=UC/pg_database_owner,=U/pg_database_owner,postgres=U/pg_database_owner,anon=U/pg_database_owner,authenticated=U/pg_database_owner,service_role=U/pg_database_owner}"",""schema_name"":""public"",""is_grantable"":false,""schema_owner"":""pg_database_owner"",""nspacl_is_null"":false,""privilege_type"":""CREATE""}"
SA10_schema_privileges,public,schema_privilege,"{""grantee"":""unknown (OID=0)"",""grantor"":""pg_database_owner"",""nspacl_raw"":""{pg_database_owner=UC/pg_database_owner,=U/pg_database_owner,postgres=U/pg_database_owner,anon=U/pg_database_owner,authenticated=U/pg_database_owner,service_role=U/pg_database_owner}"",""schema_name"":""public"",""is_grantable"":false,""schema_owner"":""pg_database_owner"",""nspacl_is_null"":false,""privilege_type"":""USAGE""}"
SA10_schema_privileges,public,schema_privilege,"{""grantee"":""postgres"",""grantor"":""pg_database_owner"",""nspacl_raw"":""{pg_database_owner=UC/pg_database_owner,=U/pg_database_owner,postgres=U/pg_database_owner,anon=U/pg_database_owner,authenticated=U/pg_database_owner,service_role=U/pg_database_owner}"",""schema_name"":""public"",""is_grantable"":false,""schema_owner"":""pg_database_owner"",""nspacl_is_null"":false,""privilege_type"":""USAGE""}"
SA10_schema_privileges,public,schema_privilege,"{""grantee"":""anon"",""grantor"":""pg_database_owner"",""nspacl_raw"":""{pg_database_owner=UC/pg_database_owner,=U/pg_database_owner,postgres=U/pg_database_owner,anon=U/pg_database_owner,authenticated=U/pg_database_owner,service_role=U/pg_database_owner}"",""schema_name"":""public"",""is_grantable"":false,""schema_owner"":""pg_database_owner"",""nspacl_is_null"":false,""privilege_type"":""USAGE""}"
SA10_schema_privileges,public,schema_privilege,"{""grantee"":""authenticated"",""grantor"":""pg_database_owner"",""nspacl_raw"":""{pg_database_owner=UC/pg_database_owner,=U/pg_database_owner,postgres=U/pg_database_owner,anon=U/pg_database_owner,authenticated=U/pg_database_owner,service_role=U/pg_database_owner}"",""schema_name"":""public"",""is_grantable"":false,""schema_owner"":""pg_database_owner"",""nspacl_is_null"":false,""privilege_type"":""USAGE""}"
SA10_schema_privileges,public,schema_privilege,"{""grantee"":""service_role"",""grantor"":""pg_database_owner"",""nspacl_raw"":""{pg_database_owner=UC/pg_database_owner,=U/pg_database_owner,postgres=U/pg_database_owner,anon=U/pg_database_owner,authenticated=U/pg_database_owner,service_role=U/pg_database_owner}"",""schema_name"":""public"",""is_grantable"":false,""schema_owner"":""pg_database_owner"",""nspacl_is_null"":false,""privilege_type"":""USAGE""}"
SA10_schema_privileges,storage,schema_privilege,"{""grantee"":""supabase_admin"",""grantor"":""supabase_admin"",""nspacl_raw"":""{supabase_admin=UC/supabase_admin,postgres=U*/supabase_admin,anon=U/supabase_admin,authenticated=U/supabase_admin,service_role=U/supabase_admin,supabase_storage_admin=U*C*/supabase_admin,dashboard_user=UC/supabase_admin}"",""schema_name"":""storage"",""is_grantable"":false,""schema_owner"":""supabase_admin"",""nspacl_is_null"":false,""privilege_type"":""USAGE""}"
SA10_schema_privileges,storage,schema_privilege,"{""grantee"":""supabase_admin"",""grantor"":""supabase_admin"",""nspacl_raw"":""{supabase_admin=UC/supabase_admin,postgres=U*/supabase_admin,anon=U/supabase_admin,authenticated=U/supabase_admin,service_role=U/supabase_admin,supabase_storage_admin=U*C*/supabase_admin,dashboard_user=UC/supabase_admin}"",""schema_name"":""storage"",""is_grantable"":false,""schema_owner"":""supabase_admin"",""nspacl_is_null"":false,""privilege_type"":""CREATE""}"
SA10_schema_privileges,storage,schema_privilege,"{""grantee"":""postgres"",""grantor"":""supabase_admin"",""nspacl_raw"":""{supabase_admin=UC/supabase_admin,postgres=U*/supabase_admin,anon=U/supabase_admin,authenticated=U/supabase_admin,service_role=U/supabase_admin,supabase_storage_admin=U*C*/supabase_admin,dashboard_user=UC/supabase_admin}"",""schema_name"":""storage"",""is_grantable"":true,""schema_owner"":""supabase_admin"",""nspacl_is_null"":false,""privilege_type"":""USAGE""}"
SA10_schema_privileges,storage,schema_privilege,"{""grantee"":""anon"",""grantor"":""supabase_admin"",""nspacl_raw"":""{supabase_admin=UC/supabase_admin,postgres=U*/supabase_admin,anon=U/supabase_admin,authenticated=U/supabase_admin,service_role=U/supabase_admin,supabase_storage_admin=U*C*/supabase_admin,dashboard_user=UC/supabase_admin}"",""schema_name"":""storage"",""is_grantable"":false,""schema_owner"":""supabase_admin"",""nspacl_is_null"":false,""privilege_type"":""USAGE""}"
SA10_schema_privileges,storage,schema_privilege,"{""grantee"":""authenticated"",""grantor"":""supabase_admin"",""nspacl_raw"":""{supabase_admin=UC/supabase_admin,postgres=U*/supabase_admin,anon=U/supabase_admin,authenticated=U/supabase_admin,service_role=U/supabase_admin,supabase_storage_admin=U*C*/supabase_admin,dashboard_user=UC/supabase_admin}"",""schema_name"":""storage"",""is_grantable"":false,""schema_owner"":""supabase_admin"",""nspacl_is_null"":false,""privilege_type"":""USAGE""}"
SA10_schema_privileges,storage,schema_privilege,"{""grantee"":""service_role"",""grantor"":""supabase_admin"",""nspacl_raw"":""{supabase_admin=UC/supabase_admin,postgres=U*/supabase_admin,anon=U/supabase_admin,authenticated=U/supabase_admin,service_role=U/supabase_admin,supabase_storage_admin=U*C*/supabase_admin,dashboard_user=UC/supabase_admin}"",""schema_name"":""storage"",""is_grantable"":false,""schema_owner"":""supabase_admin"",""nspacl_is_null"":false,""privilege_type"":""USAGE""}"
SA10_schema_privileges,storage,schema_privilege,"{""grantee"":""supabase_storage_admin"",""grantor"":""supabase_admin"",""nspacl_raw"":""{supabase_admin=UC/supabase_admin,postgres=U*/supabase_admin,anon=U/supabase_admin,authenticated=U/supabase_admin,service_role=U/supabase_admin,supabase_storage_admin=U*C*/supabase_admin,dashboard_user=UC/supabase_admin}"",""schema_name"":""storage"",""is_grantable"":true,""schema_owner"":""supabase_admin"",""nspacl_is_null"":false,""privilege_type"":""USAGE""}"
SA10_schema_privileges,storage,schema_privilege,"{""grantee"":""supabase_storage_admin"",""grantor"":""supabase_admin"",""nspacl_raw"":""{supabase_admin=UC/supabase_admin,postgres=U*/supabase_admin,anon=U/supabase_admin,authenticated=U/supabase_admin,service_role=U/supabase_admin,supabase_storage_admin=U*C*/supabase_admin,dashboard_user=UC/supabase_admin}"",""schema_name"":""storage"",""is_grantable"":true,""schema_owner"":""supabase_admin"",""nspacl_is_null"":false,""privilege_type"":""CREATE""}"
SA10_schema_privileges,storage,schema_privilege,"{""grantee"":""dashboard_user"",""grantor"":""supabase_admin"",""nspacl_raw"":""{supabase_admin=UC/supabase_admin,postgres=U*/supabase_admin,anon=U/supabase_admin,authenticated=U/supabase_admin,service_role=U/supabase_admin,supabase_storage_admin=U*C*/supabase_admin,dashboard_user=UC/supabase_admin}"",""schema_name"":""storage"",""is_grantable"":false,""schema_owner"":""supabase_admin"",""nspacl_is_null"":false,""privilege_type"":""USAGE""}"
SA10_schema_privileges,storage,schema_privilege,"{""grantee"":""dashboard_user"",""grantor"":""supabase_admin"",""nspacl_raw"":""{supabase_admin=UC/supabase_admin,postgres=U*/supabase_admin,anon=U/supabase_admin,authenticated=U/supabase_admin,service_role=U/supabase_admin,supabase_storage_admin=U*C*/supabase_admin,dashboard_user=UC/supabase_admin}"",""schema_name"":""storage"",""is_grantable"":false,""schema_owner"":""supabase_admin"",""nspacl_is_null"":false,""privilege_type"":""CREATE""}"
SA11_default_privileges,postgres/public/FUNCTION,default_privilege,"{""grantee"":""postgres"",""grantor"":""postgres"",""defaclrole"":""postgres"",""is_grantable"":false,""defaclacl_raw"":""{postgres=X/postgres,anon=X/postgres,authenticated=X/postgres,service_role=X/postgres}"",""defaclobjtype"":""f"",""privilege_type"":""EXECUTE"",""defaclnamespace"":""public""}"
SA11_default_privileges,postgres/public/FUNCTION,default_privilege,"{""grantee"":""service_role"",""grantor"":""postgres"",""defaclrole"":""postgres"",""is_grantable"":false,""defaclacl_raw"":""{postgres=X/postgres,anon=X/postgres,authenticated=X/postgres,service_role=X/postgres}"",""defaclobjtype"":""f"",""privilege_type"":""EXECUTE"",""defaclnamespace"":""public""}"
SA11_default_privileges,postgres/public/FUNCTION,default_privilege,"{""grantee"":""authenticated"",""grantor"":""postgres"",""defaclrole"":""postgres"",""is_grantable"":false,""defaclacl_raw"":""{postgres=X/postgres,anon=X/postgres,authenticated=X/postgres,service_role=X/postgres}"",""defaclobjtype"":""f"",""privilege_type"":""EXECUTE"",""defaclnamespace"":""public""}"
SA11_default_privileges,postgres/public/FUNCTION,default_privilege,"{""grantee"":""anon"",""grantor"":""postgres"",""defaclrole"":""postgres"",""is_grantable"":false,""defaclacl_raw"":""{postgres=X/postgres,anon=X/postgres,authenticated=X/postgres,service_role=X/postgres}"",""defaclobjtype"":""f"",""privilege_type"":""EXECUTE"",""defaclnamespace"":""public""}"
SA11_default_privileges,postgres/public/SEQUENCE,default_privilege,"{""grantee"":""service_role"",""grantor"":""postgres"",""defaclrole"":""postgres"",""is_grantable"":false,""defaclacl_raw"":""{postgres=rwU/postgres,anon=rwU/postgres,authenticated=rwU/postgres,service_role=rwU/postgres}"",""defaclobjtype"":""S"",""privilege_type"":""UPDATE"",""defaclnamespace"":""public""}"
SA11_default_privileges,postgres/public/SEQUENCE,default_privilege,"{""grantee"":""postgres"",""grantor"":""postgres"",""defaclrole"":""postgres"",""is_grantable"":false,""defaclacl_raw"":""{postgres=rwU/postgres,anon=rwU/postgres,authenticated=rwU/postgres,service_role=rwU/postgres}"",""defaclobjtype"":""S"",""privilege_type"":""SELECT"",""defaclnamespace"":""public""}"
SA11_default_privileges,postgres/public/SEQUENCE,default_privilege,"{""grantee"":""postgres"",""grantor"":""postgres"",""defaclrole"":""postgres"",""is_grantable"":false,""defaclacl_raw"":""{postgres=rwU/postgres,anon=rwU/postgres,authenticated=rwU/postgres,service_role=rwU/postgres}"",""defaclobjtype"":""S"",""privilege_type"":""UPDATE"",""defaclnamespace"":""public""}"
SA11_default_privileges,postgres/public/SEQUENCE,default_privilege,"{""grantee"":""postgres"",""grantor"":""postgres"",""defaclrole"":""postgres"",""is_grantable"":false,""defaclacl_raw"":""{postgres=rwU/postgres,anon=rwU/postgres,authenticated=rwU/postgres,service_role=rwU/postgres}"",""defaclobjtype"":""S"",""privilege_type"":""USAGE"",""defaclnamespace"":""public""}"
SA11_default_privileges,postgres/public/SEQUENCE,default_privilege,"{""grantee"":""anon"",""grantor"":""postgres"",""defaclrole"":""postgres"",""is_grantable"":false,""defaclacl_raw"":""{postgres=rwU/postgres,anon=rwU/postgres,authenticated=rwU/postgres,service_role=rwU/postgres}"",""defaclobjtype"":""S"",""privilege_type"":""SELECT"",""defaclnamespace"":""public""}"
SA11_default_privileges,postgres/public/SEQUENCE,default_privilege,"{""grantee"":""anon"",""grantor"":""postgres"",""defaclrole"":""postgres"",""is_grantable"":false,""defaclacl_raw"":""{postgres=rwU/postgres,anon=rwU/postgres,authenticated=rwU/postgres,service_role=rwU/postgres}"",""defaclobjtype"":""S"",""privilege_type"":""UPDATE"",""defaclnamespace"":""public""}"
SA11_default_privileges,postgres/public/SEQUENCE,default_privilege,"{""grantee"":""anon"",""grantor"":""postgres"",""defaclrole"":""postgres"",""is_grantable"":false,""defaclacl_raw"":""{postgres=rwU/postgres,anon=rwU/postgres,authenticated=rwU/postgres,service_role=rwU/postgres}"",""defaclobjtype"":""S"",""privilege_type"":""USAGE"",""defaclnamespace"":""public""}"
SA11_default_privileges,postgres/public/SEQUENCE,default_privilege,"{""grantee"":""authenticated"",""grantor"":""postgres"",""defaclrole"":""postgres"",""is_grantable"":false,""defaclacl_raw"":""{postgres=rwU/postgres,anon=rwU/postgres,authenticated=rwU/postgres,service_role=rwU/postgres}"",""defaclobjtype"":""S"",""privilege_type"":""SELECT"",""defaclnamespace"":""public""}"
SA11_default_privileges,postgres/public/SEQUENCE,default_privilege,"{""grantee"":""authenticated"",""grantor"":""postgres"",""defaclrole"":""postgres"",""is_grantable"":false,""defaclacl_raw"":""{postgres=rwU/postgres,anon=rwU/postgres,authenticated=rwU/postgres,service_role=rwU/postgres}"",""defaclobjtype"":""S"",""privilege_type"":""UPDATE"",""defaclnamespace"":""public""}"
SA11_default_privileges,postgres/public/SEQUENCE,default_privilege,"{""grantee"":""authenticated"",""grantor"":""postgres"",""defaclrole"":""postgres"",""is_grantable"":false,""defaclacl_raw"":""{postgres=rwU/postgres,anon=rwU/postgres,authenticated=rwU/postgres,service_role=rwU/postgres}"",""defaclobjtype"":""S"",""privilege_type"":""USAGE"",""defaclnamespace"":""public""}"
SA11_default_privileges,postgres/public/SEQUENCE,default_privilege,"{""grantee"":""service_role"",""grantor"":""postgres"",""defaclrole"":""postgres"",""is_grantable"":false,""defaclacl_raw"":""{postgres=rwU/postgres,anon=rwU/postgres,authenticated=rwU/postgres,service_role=rwU/postgres}"",""defaclobjtype"":""S"",""privilege_type"":""SELECT"",""defaclnamespace"":""public""}"
SA11_default_privileges,postgres/public/SEQUENCE,default_privilege,"{""grantee"":""service_role"",""grantor"":""postgres"",""defaclrole"":""postgres"",""is_grantable"":false,""defaclacl_raw"":""{postgres=rwU/postgres,anon=rwU/postgres,authenticated=rwU/postgres,service_role=rwU/postgres}"",""defaclobjtype"":""S"",""privilege_type"":""USAGE"",""defaclnamespace"":""public""}"
SA11_default_privileges,postgres/public/TABLE,default_privilege,"{""grantee"":""authenticated"",""grantor"":""postgres"",""defaclrole"":""postgres"",""is_grantable"":false,""defaclacl_raw"":""{postgres=arwdDxtm/postgres,anon=arwdDxtm/postgres,authenticated=arwdDxtm/postgres,service_role=arwdDxtm/postgres}"",""defaclobjtype"":""r"",""privilege_type"":""INSERT"",""defaclnamespace"":""public""}"
SA11_default_privileges,postgres/public/TABLE,default_privilege,"{""grantee"":""authenticated"",""grantor"":""postgres"",""defaclrole"":""postgres"",""is_grantable"":false,""defaclacl_raw"":""{postgres=arwdDxtm/postgres,anon=arwdDxtm/postgres,authenticated=arwdDxtm/postgres,service_role=arwdDxtm/postgres}"",""defaclobjtype"":""r"",""privilege_type"":""SELECT"",""defaclnamespace"":""public""}"
SA11_default_privileges,postgres/public/TABLE,default_privilege,"{""grantee"":""authenticated"",""grantor"":""postgres"",""defaclrole"":""postgres"",""is_grantable"":false,""defaclacl_raw"":""{postgres=arwdDxtm/postgres,anon=arwdDxtm/postgres,authenticated=arwdDxtm/postgres,service_role=arwdDxtm/postgres}"",""defaclobjtype"":""r"",""privilege_type"":""UPDATE"",""defaclnamespace"":""public""}"
SA11_default_privileges,postgres/public/TABLE,default_privilege,"{""grantee"":""authenticated"",""grantor"":""postgres"",""defaclrole"":""postgres"",""is_grantable"":false,""defaclacl_raw"":""{postgres=arwdDxtm/postgres,anon=arwdDxtm/postgres,authenticated=arwdDxtm/postgres,service_role=arwdDxtm/postgres}"",""defaclobjtype"":""r"",""privilege_type"":""DELETE"",""defaclnamespace"":""public""}"
SA11_default_privileges,postgres/public/TABLE,default_privilege,"{""grantee"":""authenticated"",""grantor"":""postgres"",""defaclrole"":""postgres"",""is_grantable"":false,""defaclacl_raw"":""{postgres=arwdDxtm/postgres,anon=arwdDxtm/postgres,authenticated=arwdDxtm/postgres,service_role=arwdDxtm/postgres}"",""defaclobjtype"":""r"",""privilege_type"":""TRUNCATE"",""defaclnamespace"":""public""}"
SA11_default_privileges,postgres/public/TABLE,default_privilege,"{""grantee"":""authenticated"",""grantor"":""postgres"",""defaclrole"":""postgres"",""is_grantable"":false,""defaclacl_raw"":""{postgres=arwdDxtm/postgres,anon=arwdDxtm/postgres,authenticated=arwdDxtm/postgres,service_role=arwdDxtm/postgres}"",""defaclobjtype"":""r"",""privilege_type"":""REFERENCES"",""defaclnamespace"":""public""}"
SA11_default_privileges,postgres/public/TABLE,default_privilege,"{""grantee"":""authenticated"",""grantor"":""postgres"",""defaclrole"":""postgres"",""is_grantable"":false,""defaclacl_raw"":""{postgres=arwdDxtm/postgres,anon=arwdDxtm/postgres,authenticated=arwdDxtm/postgres,service_role=arwdDxtm/postgres}"",""defaclobjtype"":""r"",""privilege_type"":""TRIGGER"",""defaclnamespace"":""public""}"
SA11_default_privileges,postgres/public/TABLE,default_privilege,"{""grantee"":""authenticated"",""grantor"":""postgres"",""defaclrole"":""postgres"",""is_grantable"":false,""defaclacl_raw"":""{postgres=arwdDxtm/postgres,anon=arwdDxtm/postgres,authenticated=arwdDxtm/postgres,service_role=arwdDxtm/postgres}"",""defaclobjtype"":""r"",""privilege_type"":""MAINTAIN"",""defaclnamespace"":""public""}"
SA11_default_privileges,postgres/public/TABLE,default_privilege,"{""grantee"":""service_role"",""grantor"":""postgres"",""defaclrole"":""postgres"",""is_grantable"":false,""defaclacl_raw"":""{postgres=arwdDxtm/postgres,anon=arwdDxtm/postgres,authenticated=arwdDxtm/postgres,service_role=arwdDxtm/postgres}"",""defaclobjtype"":""r"",""privilege_type"":""INSERT"",""defaclnamespace"":""public""}"
SA11_default_privileges,postgres/public/TABLE,default_privilege,"{""grantee"":""service_role"",""grantor"":""postgres"",""defaclrole"":""postgres"",""is_grantable"":false,""defaclacl_raw"":""{postgres=arwdDxtm/postgres,anon=arwdDxtm/postgres,authenticated=arwdDxtm/postgres,service_role=arwdDxtm/postgres}"",""defaclobjtype"":""r"",""privilege_type"":""SELECT"",""defaclnamespace"":""public""}"
SA11_default_privileges,postgres/public/TABLE,default_privilege,"{""grantee"":""service_role"",""grantor"":""postgres"",""defaclrole"":""postgres"",""is_grantable"":false,""defaclacl_raw"":""{postgres=arwdDxtm/postgres,anon=arwdDxtm/postgres,authenticated=arwdDxtm/postgres,service_role=arwdDxtm/postgres}"",""defaclobjtype"":""r"",""privilege_type"":""UPDATE"",""defaclnamespace"":""public""}"
SA11_default_privileges,postgres/public/TABLE,default_privilege,"{""grantee"":""service_role"",""grantor"":""postgres"",""defaclrole"":""postgres"",""is_grantable"":false,""defaclacl_raw"":""{postgres=arwdDxtm/postgres,anon=arwdDxtm/postgres,authenticated=arwdDxtm/postgres,service_role=arwdDxtm/postgres}"",""defaclobjtype"":""r"",""privilege_type"":""DELETE"",""defaclnamespace"":""public""}"
SA11_default_privileges,postgres/public/TABLE,default_privilege,"{""grantee"":""service_role"",""grantor"":""postgres"",""defaclrole"":""postgres"",""is_grantable"":false,""defaclacl_raw"":""{postgres=arwdDxtm/postgres,anon=arwdDxtm/postgres,authenticated=arwdDxtm/postgres,service_role=arwdDxtm/postgres}"",""defaclobjtype"":""r"",""privilege_type"":""TRUNCATE"",""defaclnamespace"":""public""}"
SA11_default_privileges,postgres/public/TABLE,default_privilege,"{""grantee"":""service_role"",""grantor"":""postgres"",""defaclrole"":""postgres"",""is_grantable"":false,""defaclacl_raw"":""{postgres=arwdDxtm/postgres,anon=arwdDxtm/postgres,authenticated=arwdDxtm/postgres,service_role=arwdDxtm/postgres}"",""defaclobjtype"":""r"",""privilege_type"":""REFERENCES"",""defaclnamespace"":""public""}"
SA11_default_privileges,postgres/public/TABLE,default_privilege,"{""grantee"":""service_role"",""grantor"":""postgres"",""defaclrole"":""postgres"",""is_grantable"":false,""defaclacl_raw"":""{postgres=arwdDxtm/postgres,anon=arwdDxtm/postgres,authenticated=arwdDxtm/postgres,service_role=arwdDxtm/postgres}"",""defaclobjtype"":""r"",""privilege_type"":""TRIGGER"",""defaclnamespace"":""public""}"
SA11_default_privileges,postgres/public/TABLE,default_privilege,"{""grantee"":""service_role"",""grantor"":""postgres"",""defaclrole"":""postgres"",""is_grantable"":false,""defaclacl_raw"":""{postgres=arwdDxtm/postgres,anon=arwdDxtm/postgres,authenticated=arwdDxtm/postgres,service_role=arwdDxtm/postgres}"",""defaclobjtype"":""r"",""privilege_type"":""MAINTAIN"",""defaclnamespace"":""public""}"
SA11_default_privileges,postgres/public/TABLE,default_privilege,"{""grantee"":""postgres"",""grantor"":""postgres"",""defaclrole"":""postgres"",""is_grantable"":false,""defaclacl_raw"":""{postgres=arwdDxtm/postgres,anon=arwdDxtm/postgres,authenticated=arwdDxtm/postgres,service_role=arwdDxtm/postgres}"",""defaclobjtype"":""r"",""privilege_type"":""TRUNCATE"",""defaclnamespace"":""public""}"
SA11_default_privileges,postgres/public/TABLE,default_privilege,"{""grantee"":""postgres"",""grantor"":""postgres"",""defaclrole"":""postgres"",""is_grantable"":false,""defaclacl_raw"":""{postgres=arwdDxtm/postgres,anon=arwdDxtm/postgres,authenticated=arwdDxtm/postgres,service_role=arwdDxtm/postgres}"",""defaclobjtype"":""r"",""privilege_type"":""DELETE"",""defaclnamespace"":""public""}"
SA11_default_privileges,postgres/public/TABLE,default_privilege,"{""grantee"":""postgres"",""grantor"":""postgres"",""defaclrole"":""postgres"",""is_grantable"":false,""defaclacl_raw"":""{postgres=arwdDxtm/postgres,anon=arwdDxtm/postgres,authenticated=arwdDxtm/postgres,service_role=arwdDxtm/postgres}"",""defaclobjtype"":""r"",""privilege_type"":""UPDATE"",""defaclnamespace"":""public""}"
SA11_default_privileges,postgres/public/TABLE,default_privilege,"{""grantee"":""postgres"",""grantor"":""postgres"",""defaclrole"":""postgres"",""is_grantable"":false,""defaclacl_raw"":""{postgres=arwdDxtm/postgres,anon=arwdDxtm/postgres,authenticated=arwdDxtm/postgres,service_role=arwdDxtm/postgres}"",""defaclobjtype"":""r"",""privilege_type"":""SELECT"",""defaclnamespace"":""public""}"
SA11_default_privileges,postgres/public/TABLE,default_privilege,"{""grantee"":""anon"",""grantor"":""postgres"",""defaclrole"":""postgres"",""is_grantable"":false,""defaclacl_raw"":""{postgres=arwdDxtm/postgres,anon=arwdDxtm/postgres,authenticated=arwdDxtm/postgres,service_role=arwdDxtm/postgres}"",""defaclobjtype"":""r"",""privilege_type"":""MAINTAIN"",""defaclnamespace"":""public""}"
SA11_default_privileges,postgres/public/TABLE,default_privilege,"{""grantee"":""anon"",""grantor"":""postgres"",""defaclrole"":""postgres"",""is_grantable"":false,""defaclacl_raw"":""{postgres=arwdDxtm/postgres,anon=arwdDxtm/postgres,authenticated=arwdDxtm/postgres,service_role=arwdDxtm/postgres}"",""defaclobjtype"":""r"",""privilege_type"":""TRIGGER"",""defaclnamespace"":""public""}"
SA11_default_privileges,postgres/public/TABLE,default_privilege,"{""grantee"":""anon"",""grantor"":""postgres"",""defaclrole"":""postgres"",""is_grantable"":false,""defaclacl_raw"":""{postgres=arwdDxtm/postgres,anon=arwdDxtm/postgres,authenticated=arwdDxtm/postgres,service_role=arwdDxtm/postgres}"",""defaclobjtype"":""r"",""privilege_type"":""REFERENCES"",""defaclnamespace"":""public""}"
SA11_default_privileges,postgres/public/TABLE,default_privilege,"{""grantee"":""anon"",""grantor"":""postgres"",""defaclrole"":""postgres"",""is_grantable"":false,""defaclacl_raw"":""{postgres=arwdDxtm/postgres,anon=arwdDxtm/postgres,authenticated=arwdDxtm/postgres,service_role=arwdDxtm/postgres}"",""defaclobjtype"":""r"",""privilege_type"":""TRUNCATE"",""defaclnamespace"":""public""}"
SA11_default_privileges,postgres/public/TABLE,default_privilege,"{""grantee"":""anon"",""grantor"":""postgres"",""defaclrole"":""postgres"",""is_grantable"":false,""defaclacl_raw"":""{postgres=arwdDxtm/postgres,anon=arwdDxtm/postgres,authenticated=arwdDxtm/postgres,service_role=arwdDxtm/postgres}"",""defaclobjtype"":""r"",""privilege_type"":""DELETE"",""defaclnamespace"":""public""}"
SA11_default_privileges,postgres/public/TABLE,default_privilege,"{""grantee"":""anon"",""grantor"":""postgres"",""defaclrole"":""postgres"",""is_grantable"":false,""defaclacl_raw"":""{postgres=arwdDxtm/postgres,anon=arwdDxtm/postgres,authenticated=arwdDxtm/postgres,service_role=arwdDxtm/postgres}"",""defaclobjtype"":""r"",""privilege_type"":""UPDATE"",""defaclnamespace"":""public""}"
SA11_default_privileges,postgres/public/TABLE,default_privilege,"{""grantee"":""anon"",""grantor"":""postgres"",""defaclrole"":""postgres"",""is_grantable"":false,""defaclacl_raw"":""{postgres=arwdDxtm/postgres,anon=arwdDxtm/postgres,authenticated=arwdDxtm/postgres,service_role=arwdDxtm/postgres}"",""defaclobjtype"":""r"",""privilege_type"":""SELECT"",""defaclnamespace"":""public""}"
SA11_default_privileges,postgres/public/TABLE,default_privilege,"{""grantee"":""anon"",""grantor"":""postgres"",""defaclrole"":""postgres"",""is_grantable"":false,""defaclacl_raw"":""{postgres=arwdDxtm/postgres,anon=arwdDxtm/postgres,authenticated=arwdDxtm/postgres,service_role=arwdDxtm/postgres}"",""defaclobjtype"":""r"",""privilege_type"":""INSERT"",""defaclnamespace"":""public""}"
SA11_default_privileges,postgres/public/TABLE,default_privilege,"{""grantee"":""postgres"",""grantor"":""postgres"",""defaclrole"":""postgres"",""is_grantable"":false,""defaclacl_raw"":""{postgres=arwdDxtm/postgres,anon=arwdDxtm/postgres,authenticated=arwdDxtm/postgres,service_role=arwdDxtm/postgres}"",""defaclobjtype"":""r"",""privilege_type"":""MAINTAIN"",""defaclnamespace"":""public""}"
SA11_default_privileges,postgres/public/TABLE,default_privilege,"{""grantee"":""postgres"",""grantor"":""postgres"",""defaclrole"":""postgres"",""is_grantable"":false,""defaclacl_raw"":""{postgres=arwdDxtm/postgres,anon=arwdDxtm/postgres,authenticated=arwdDxtm/postgres,service_role=arwdDxtm/postgres}"",""defaclobjtype"":""r"",""privilege_type"":""TRIGGER"",""defaclnamespace"":""public""}"
SA11_default_privileges,postgres/public/TABLE,default_privilege,"{""grantee"":""postgres"",""grantor"":""postgres"",""defaclrole"":""postgres"",""is_grantable"":false,""defaclacl_raw"":""{postgres=arwdDxtm/postgres,anon=arwdDxtm/postgres,authenticated=arwdDxtm/postgres,service_role=arwdDxtm/postgres}"",""defaclobjtype"":""r"",""privilege_type"":""INSERT"",""defaclnamespace"":""public""}"
SA11_default_privileges,postgres/public/TABLE,default_privilege,"{""grantee"":""postgres"",""grantor"":""postgres"",""defaclrole"":""postgres"",""is_grantable"":false,""defaclacl_raw"":""{postgres=arwdDxtm/postgres,anon=arwdDxtm/postgres,authenticated=arwdDxtm/postgres,service_role=arwdDxtm/postgres}"",""defaclobjtype"":""r"",""privilege_type"":""REFERENCES"",""defaclnamespace"":""public""}"
SA11_default_privileges,postgres/storage/FUNCTION,default_privilege,"{""grantee"":""postgres"",""grantor"":""postgres"",""defaclrole"":""postgres"",""is_grantable"":false,""defaclacl_raw"":""{postgres=X/postgres,anon=X/postgres,authenticated=X/postgres,service_role=X/postgres}"",""defaclobjtype"":""f"",""privilege_type"":""EXECUTE"",""defaclnamespace"":""storage""}"
SA11_default_privileges,postgres/storage/FUNCTION,default_privilege,"{""grantee"":""anon"",""grantor"":""postgres"",""defaclrole"":""postgres"",""is_grantable"":false,""defaclacl_raw"":""{postgres=X/postgres,anon=X/postgres,authenticated=X/postgres,service_role=X/postgres}"",""defaclobjtype"":""f"",""privilege_type"":""EXECUTE"",""defaclnamespace"":""storage""}"
SA11_default_privileges,postgres/storage/FUNCTION,default_privilege,"{""grantee"":""authenticated"",""grantor"":""postgres"",""defaclrole"":""postgres"",""is_grantable"":false,""defaclacl_raw"":""{postgres=X/postgres,anon=X/postgres,authenticated=X/postgres,service_role=X/postgres}"",""defaclobjtype"":""f"",""privilege_type"":""EXECUTE"",""defaclnamespace"":""storage""}"
SA11_default_privileges,postgres/storage/FUNCTION,default_privilege,"{""grantee"":""service_role"",""grantor"":""postgres"",""defaclrole"":""postgres"",""is_grantable"":false,""defaclacl_raw"":""{postgres=X/postgres,anon=X/postgres,authenticated=X/postgres,service_role=X/postgres}"",""defaclobjtype"":""f"",""privilege_type"":""EXECUTE"",""defaclnamespace"":""storage""}"
SA11_default_privileges,postgres/storage/SEQUENCE,default_privilege,"{""grantee"":""postgres"",""grantor"":""postgres"",""defaclrole"":""postgres"",""is_grantable"":false,""defaclacl_raw"":""{postgres=rwU/postgres,anon=rwU/postgres,authenticated=rwU/postgres,service_role=rwU/postgres}"",""defaclobjtype"":""S"",""privilege_type"":""SELECT"",""defaclnamespace"":""storage""}"
SA11_default_privileges,postgres/storage/SEQUENCE,default_privilege,"{""grantee"":""postgres"",""grantor"":""postgres"",""defaclrole"":""postgres"",""is_grantable"":false,""defaclacl_raw"":""{postgres=rwU/postgres,anon=rwU/postgres,authenticated=rwU/postgres,service_role=rwU/postgres}"",""defaclobjtype"":""S"",""privilege_type"":""UPDATE"",""defaclnamespace"":""storage""}"
SA11_default_privileges,postgres/storage/SEQUENCE,default_privilege,"{""grantee"":""postgres"",""grantor"":""postgres"",""defaclrole"":""postgres"",""is_grantable"":false,""defaclacl_raw"":""{postgres=rwU/postgres,anon=rwU/postgres,authenticated=rwU/postgres,service_role=rwU/postgres}"",""defaclobjtype"":""S"",""privilege_type"":""USAGE"",""defaclnamespace"":""storage""}"
SA11_default_privileges,postgres/storage/SEQUENCE,default_privilege,"{""grantee"":""anon"",""grantor"":""postgres"",""defaclrole"":""postgres"",""is_grantable"":false,""defaclacl_raw"":""{postgres=rwU/postgres,anon=rwU/postgres,authenticated=rwU/postgres,service_role=rwU/postgres}"",""defaclobjtype"":""S"",""privilege_type"":""SELECT"",""defaclnamespace"":""storage""}"
SA11_default_privileges,postgres/storage/SEQUENCE,default_privilege,"{""grantee"":""anon"",""grantor"":""postgres"",""defaclrole"":""postgres"",""is_grantable"":false,""defaclacl_raw"":""{postgres=rwU/postgres,anon=rwU/postgres,authenticated=rwU/postgres,service_role=rwU/postgres}"",""defaclobjtype"":""S"",""privilege_type"":""UPDATE"",""defaclnamespace"":""storage""}"
SA11_default_privileges,postgres/storage/SEQUENCE,default_privilege,"{""grantee"":""anon"",""grantor"":""postgres"",""defaclrole"":""postgres"",""is_grantable"":false,""defaclacl_raw"":""{postgres=rwU/postgres,anon=rwU/postgres,authenticated=rwU/postgres,service_role=rwU/postgres}"",""defaclobjtype"":""S"",""privilege_type"":""USAGE"",""defaclnamespace"":""storage""}"
SA11_default_privileges,postgres/storage/SEQUENCE,default_privilege,"{""grantee"":""authenticated"",""grantor"":""postgres"",""defaclrole"":""postgres"",""is_grantable"":false,""defaclacl_raw"":""{postgres=rwU/postgres,anon=rwU/postgres,authenticated=rwU/postgres,service_role=rwU/postgres}"",""defaclobjtype"":""S"",""privilege_type"":""SELECT"",""defaclnamespace"":""storage""}"
SA11_default_privileges,postgres/storage/SEQUENCE,default_privilege,"{""grantee"":""authenticated"",""grantor"":""postgres"",""defaclrole"":""postgres"",""is_grantable"":false,""defaclacl_raw"":""{postgres=rwU/postgres,anon=rwU/postgres,authenticated=rwU/postgres,service_role=rwU/postgres}"",""defaclobjtype"":""S"",""privilege_type"":""UPDATE"",""defaclnamespace"":""storage""}"
SA11_default_privileges,postgres/storage/SEQUENCE,default_privilege,"{""grantee"":""authenticated"",""grantor"":""postgres"",""defaclrole"":""postgres"",""is_grantable"":false,""defaclacl_raw"":""{postgres=rwU/postgres,anon=rwU/postgres,authenticated=rwU/postgres,service_role=rwU/postgres}"",""defaclobjtype"":""S"",""privilege_type"":""USAGE"",""defaclnamespace"":""storage""}"
SA11_default_privileges,postgres/storage/SEQUENCE,default_privilege,"{""grantee"":""service_role"",""grantor"":""postgres"",""defaclrole"":""postgres"",""is_grantable"":false,""defaclacl_raw"":""{postgres=rwU/postgres,anon=rwU/postgres,authenticated=rwU/postgres,service_role=rwU/postgres}"",""defaclobjtype"":""S"",""privilege_type"":""SELECT"",""defaclnamespace"":""storage""}"
SA11_default_privileges,postgres/storage/SEQUENCE,default_privilege,"{""grantee"":""service_role"",""grantor"":""postgres"",""defaclrole"":""postgres"",""is_grantable"":false,""defaclacl_raw"":""{postgres=rwU/postgres,anon=rwU/postgres,authenticated=rwU/postgres,service_role=rwU/postgres}"",""defaclobjtype"":""S"",""privilege_type"":""UPDATE"",""defaclnamespace"":""storage""}"
SA11_default_privileges,postgres/storage/SEQUENCE,default_privilege,"{""grantee"":""service_role"",""grantor"":""postgres"",""defaclrole"":""postgres"",""is_grantable"":false,""defaclacl_raw"":""{postgres=rwU/postgres,anon=rwU/postgres,authenticated=rwU/postgres,service_role=rwU/postgres}"",""defaclobjtype"":""S"",""privilege_type"":""USAGE"",""defaclnamespace"":""storage""}"
SA11_default_privileges,postgres/storage/TABLE,default_privilege,"{""grantee"":""service_role"",""grantor"":""postgres"",""defaclrole"":""postgres"",""is_grantable"":false,""defaclacl_raw"":""{postgres=arwdDxtm/postgres,anon=arwdDxtm/postgres,authenticated=arwdDxtm/postgres,service_role=arwdDxtm/postgres}"",""defaclobjtype"":""r"",""privilege_type"":""DELETE"",""defaclnamespace"":""storage""}"
SA11_default_privileges,postgres/storage/TABLE,default_privilege,"{""grantee"":""postgres"",""grantor"":""postgres"",""defaclrole"":""postgres"",""is_grantable"":false,""defaclacl_raw"":""{postgres=arwdDxtm/postgres,anon=arwdDxtm/postgres,authenticated=arwdDxtm/postgres,service_role=arwdDxtm/postgres}"",""defaclobjtype"":""r"",""privilege_type"":""INSERT"",""defaclnamespace"":""storage""}"
SA11_default_privileges,postgres/storage/TABLE,default_privilege,"{""grantee"":""postgres"",""grantor"":""postgres"",""defaclrole"":""postgres"",""is_grantable"":false,""defaclacl_raw"":""{postgres=arwdDxtm/postgres,anon=arwdDxtm/postgres,authenticated=arwdDxtm/postgres,service_role=arwdDxtm/postgres}"",""defaclobjtype"":""r"",""privilege_type"":""SELECT"",""defaclnamespace"":""storage""}"
SA11_default_privileges,postgres/storage/TABLE,default_privilege,"{""grantee"":""postgres"",""grantor"":""postgres"",""defaclrole"":""postgres"",""is_grantable"":false,""defaclacl_raw"":""{postgres=arwdDxtm/postgres,anon=arwdDxtm/postgres,authenticated=arwdDxtm/postgres,service_role=arwdDxtm/postgres}"",""defaclobjtype"":""r"",""privilege_type"":""UPDATE"",""defaclnamespace"":""storage""}"
SA11_default_privileges,postgres/storage/TABLE,default_privilege,"{""grantee"":""postgres"",""grantor"":""postgres"",""defaclrole"":""postgres"",""is_grantable"":false,""defaclacl_raw"":""{postgres=arwdDxtm/postgres,anon=arwdDxtm/postgres,authenticated=arwdDxtm/postgres,service_role=arwdDxtm/postgres}"",""defaclobjtype"":""r"",""privilege_type"":""DELETE"",""defaclnamespace"":""storage""}"
SA11_default_privileges,postgres/storage/TABLE,default_privilege,"{""grantee"":""postgres"",""grantor"":""postgres"",""defaclrole"":""postgres"",""is_grantable"":false,""defaclacl_raw"":""{postgres=arwdDxtm/postgres,anon=arwdDxtm/postgres,authenticated=arwdDxtm/postgres,service_role=arwdDxtm/postgres}"",""defaclobjtype"":""r"",""privilege_type"":""TRUNCATE"",""defaclnamespace"":""storage""}"
SA11_default_privileges,postgres/storage/TABLE,default_privilege,"{""grantee"":""postgres"",""grantor"":""postgres"",""defaclrole"":""postgres"",""is_grantable"":false,""defaclacl_raw"":""{postgres=arwdDxtm/postgres,anon=arwdDxtm/postgres,authenticated=arwdDxtm/postgres,service_role=arwdDxtm/postgres}"",""defaclobjtype"":""r"",""privilege_type"":""REFERENCES"",""defaclnamespace"":""storage""}"
SA11_default_privileges,postgres/storage/TABLE,default_privilege,"{""grantee"":""postgres"",""grantor"":""postgres"",""defaclrole"":""postgres"",""is_grantable"":false,""defaclacl_raw"":""{postgres=arwdDxtm/postgres,anon=arwdDxtm/postgres,authenticated=arwdDxtm/postgres,service_role=arwdDxtm/postgres}"",""defaclobjtype"":""r"",""privilege_type"":""TRIGGER"",""defaclnamespace"":""storage""}"
SA11_default_privileges,postgres/storage/TABLE,default_privilege,"{""grantee"":""postgres"",""grantor"":""postgres"",""defaclrole"":""postgres"",""is_grantable"":false,""defaclacl_raw"":""{postgres=arwdDxtm/postgres,anon=arwdDxtm/postgres,authenticated=arwdDxtm/postgres,service_role=arwdDxtm/postgres}"",""defaclobjtype"":""r"",""privilege_type"":""MAINTAIN"",""defaclnamespace"":""storage""}"
SA11_default_privileges,postgres/storage/TABLE,default_privilege,"{""grantee"":""anon"",""grantor"":""postgres"",""defaclrole"":""postgres"",""is_grantable"":false,""defaclacl_raw"":""{postgres=arwdDxtm/postgres,anon=arwdDxtm/postgres,authenticated=arwdDxtm/postgres,service_role=arwdDxtm/postgres}"",""defaclobjtype"":""r"",""privilege_type"":""INSERT"",""defaclnamespace"":""storage""}"
SA11_default_privileges,postgres/storage/TABLE,default_privilege,"{""grantee"":""anon"",""grantor"":""postgres"",""defaclrole"":""postgres"",""is_grantable"":false,""defaclacl_raw"":""{postgres=arwdDxtm/postgres,anon=arwdDxtm/postgres,authenticated=arwdDxtm/postgres,service_role=arwdDxtm/postgres}"",""defaclobjtype"":""r"",""privilege_type"":""SELECT"",""defaclnamespace"":""storage""}"
SA11_default_privileges,postgres/storage/TABLE,default_privilege,"{""grantee"":""anon"",""grantor"":""postgres"",""defaclrole"":""postgres"",""is_grantable"":false,""defaclacl_raw"":""{postgres=arwdDxtm/postgres,anon=arwdDxtm/postgres,authenticated=arwdDxtm/postgres,service_role=arwdDxtm/postgres}"",""defaclobjtype"":""r"",""privilege_type"":""UPDATE"",""defaclnamespace"":""storage""}"
SA11_default_privileges,postgres/storage/TABLE,default_privilege,"{""grantee"":""anon"",""grantor"":""postgres"",""defaclrole"":""postgres"",""is_grantable"":false,""defaclacl_raw"":""{postgres=arwdDxtm/postgres,anon=arwdDxtm/postgres,authenticated=arwdDxtm/postgres,service_role=arwdDxtm/postgres}"",""defaclobjtype"":""r"",""privilege_type"":""DELETE"",""defaclnamespace"":""storage""}"
SA11_default_privileges,postgres/storage/TABLE,default_privilege,"{""grantee"":""anon"",""grantor"":""postgres"",""defaclrole"":""postgres"",""is_grantable"":false,""defaclacl_raw"":""{postgres=arwdDxtm/postgres,anon=arwdDxtm/postgres,authenticated=arwdDxtm/postgres,service_role=arwdDxtm/postgres}"",""defaclobjtype"":""r"",""privilege_type"":""TRUNCATE"",""defaclnamespace"":""storage""}"
SA11_default_privileges,postgres/storage/TABLE,default_privilege,"{""grantee"":""anon"",""grantor"":""postgres"",""defaclrole"":""postgres"",""is_grantable"":false,""defaclacl_raw"":""{postgres=arwdDxtm/postgres,anon=arwdDxtm/postgres,authenticated=arwdDxtm/postgres,service_role=arwdDxtm/postgres}"",""defaclobjtype"":""r"",""privilege_type"":""REFERENCES"",""defaclnamespace"":""storage""}"
SA11_default_privileges,postgres/storage/TABLE,default_privilege,"{""grantee"":""anon"",""grantor"":""postgres"",""defaclrole"":""postgres"",""is_grantable"":false,""defaclacl_raw"":""{postgres=arwdDxtm/postgres,anon=arwdDxtm/postgres,authenticated=arwdDxtm/postgres,service_role=arwdDxtm/postgres}"",""defaclobjtype"":""r"",""privilege_type"":""TRIGGER"",""defaclnamespace"":""storage""}"
SA11_default_privileges,postgres/storage/TABLE,default_privilege,"{""grantee"":""anon"",""grantor"":""postgres"",""defaclrole"":""postgres"",""is_grantable"":false,""defaclacl_raw"":""{postgres=arwdDxtm/postgres,anon=arwdDxtm/postgres,authenticated=arwdDxtm/postgres,service_role=arwdDxtm/postgres}"",""defaclobjtype"":""r"",""privilege_type"":""MAINTAIN"",""defaclnamespace"":""storage""}"
SA11_default_privileges,postgres/storage/TABLE,default_privilege,"{""grantee"":""authenticated"",""grantor"":""postgres"",""defaclrole"":""postgres"",""is_grantable"":false,""defaclacl_raw"":""{postgres=arwdDxtm/postgres,anon=arwdDxtm/postgres,authenticated=arwdDxtm/postgres,service_role=arwdDxtm/postgres}"",""defaclobjtype"":""r"",""privilege_type"":""INSERT"",""defaclnamespace"":""storage""}"
SA11_default_privileges,postgres/storage/TABLE,default_privilege,"{""grantee"":""authenticated"",""grantor"":""postgres"",""defaclrole"":""postgres"",""is_grantable"":false,""defaclacl_raw"":""{postgres=arwdDxtm/postgres,anon=arwdDxtm/postgres,authenticated=arwdDxtm/postgres,service_role=arwdDxtm/postgres}"",""defaclobjtype"":""r"",""privilege_type"":""SELECT"",""defaclnamespace"":""storage""}"
SA11_default_privileges,postgres/storage/TABLE,default_privilege,"{""grantee"":""authenticated"",""grantor"":""postgres"",""defaclrole"":""postgres"",""is_grantable"":false,""defaclacl_raw"":""{postgres=arwdDxtm/postgres,anon=arwdDxtm/postgres,authenticated=arwdDxtm/postgres,service_role=arwdDxtm/postgres}"",""defaclobjtype"":""r"",""privilege_type"":""UPDATE"",""defaclnamespace"":""storage""}"
SA11_default_privileges,postgres/storage/TABLE,default_privilege,"{""grantee"":""authenticated"",""grantor"":""postgres"",""defaclrole"":""postgres"",""is_grantable"":false,""defaclacl_raw"":""{postgres=arwdDxtm/postgres,anon=arwdDxtm/postgres,authenticated=arwdDxtm/postgres,service_role=arwdDxtm/postgres}"",""defaclobjtype"":""r"",""privilege_type"":""DELETE"",""defaclnamespace"":""storage""}"
SA11_default_privileges,postgres/storage/TABLE,default_privilege,"{""grantee"":""authenticated"",""grantor"":""postgres"",""defaclrole"":""postgres"",""is_grantable"":false,""defaclacl_raw"":""{postgres=arwdDxtm/postgres,anon=arwdDxtm/postgres,authenticated=arwdDxtm/postgres,service_role=arwdDxtm/postgres}"",""defaclobjtype"":""r"",""privilege_type"":""TRUNCATE"",""defaclnamespace"":""storage""}"
SA11_default_privileges,postgres/storage/TABLE,default_privilege,"{""grantee"":""authenticated"",""grantor"":""postgres"",""defaclrole"":""postgres"",""is_grantable"":false,""defaclacl_raw"":""{postgres=arwdDxtm/postgres,anon=arwdDxtm/postgres,authenticated=arwdDxtm/postgres,service_role=arwdDxtm/postgres}"",""defaclobjtype"":""r"",""privilege_type"":""REFERENCES"",""defaclnamespace"":""storage""}"
SA11_default_privileges,postgres/storage/TABLE,default_privilege,"{""grantee"":""authenticated"",""grantor"":""postgres"",""defaclrole"":""postgres"",""is_grantable"":false,""defaclacl_raw"":""{postgres=arwdDxtm/postgres,anon=arwdDxtm/postgres,authenticated=arwdDxtm/postgres,service_role=arwdDxtm/postgres}"",""defaclobjtype"":""r"",""privilege_type"":""TRIGGER"",""defaclnamespace"":""storage""}"
SA11_default_privileges,postgres/storage/TABLE,default_privilege,"{""grantee"":""authenticated"",""grantor"":""postgres"",""defaclrole"":""postgres"",""is_grantable"":false,""defaclacl_raw"":""{postgres=arwdDxtm/postgres,anon=arwdDxtm/postgres,authenticated=arwdDxtm/postgres,service_role=arwdDxtm/postgres}"",""defaclobjtype"":""r"",""privilege_type"":""MAINTAIN"",""defaclnamespace"":""storage""}"
SA11_default_privileges,postgres/storage/TABLE,default_privilege,"{""grantee"":""service_role"",""grantor"":""postgres"",""defaclrole"":""postgres"",""is_grantable"":false,""defaclacl_raw"":""{postgres=arwdDxtm/postgres,anon=arwdDxtm/postgres,authenticated=arwdDxtm/postgres,service_role=arwdDxtm/postgres}"",""defaclobjtype"":""r"",""privilege_type"":""INSERT"",""defaclnamespace"":""storage""}"
SA11_default_privileges,postgres/storage/TABLE,default_privilege,"{""grantee"":""service_role"",""grantor"":""postgres"",""defaclrole"":""postgres"",""is_grantable"":false,""defaclacl_raw"":""{postgres=arwdDxtm/postgres,anon=arwdDxtm/postgres,authenticated=arwdDxtm/postgres,service_role=arwdDxtm/postgres}"",""defaclobjtype"":""r"",""privilege_type"":""SELECT"",""defaclnamespace"":""storage""}"
SA11_default_privileges,postgres/storage/TABLE,default_privilege,"{""grantee"":""service_role"",""grantor"":""postgres"",""defaclrole"":""postgres"",""is_grantable"":false,""defaclacl_raw"":""{postgres=arwdDxtm/postgres,anon=arwdDxtm/postgres,authenticated=arwdDxtm/postgres,service_role=arwdDxtm/postgres}"",""defaclobjtype"":""r"",""privilege_type"":""UPDATE"",""defaclnamespace"":""storage""}"
SA11_default_privileges,postgres/storage/TABLE,default_privilege,"{""grantee"":""service_role"",""grantor"":""postgres"",""defaclrole"":""postgres"",""is_grantable"":false,""defaclacl_raw"":""{postgres=arwdDxtm/postgres,anon=arwdDxtm/postgres,authenticated=arwdDxtm/postgres,service_role=arwdDxtm/postgres}"",""defaclobjtype"":""r"",""privilege_type"":""TRUNCATE"",""defaclnamespace"":""storage""}"
SA11_default_privileges,postgres/storage/TABLE,default_privilege,"{""grantee"":""service_role"",""grantor"":""postgres"",""defaclrole"":""postgres"",""is_grantable"":false,""defaclacl_raw"":""{postgres=arwdDxtm/postgres,anon=arwdDxtm/postgres,authenticated=arwdDxtm/postgres,service_role=arwdDxtm/postgres}"",""defaclobjtype"":""r"",""privilege_type"":""MAINTAIN"",""defaclnamespace"":""storage""}"
SA11_default_privileges,postgres/storage/TABLE,default_privilege,"{""grantee"":""service_role"",""grantor"":""postgres"",""defaclrole"":""postgres"",""is_grantable"":false,""defaclacl_raw"":""{postgres=arwdDxtm/postgres,anon=arwdDxtm/postgres,authenticated=arwdDxtm/postgres,service_role=arwdDxtm/postgres}"",""defaclobjtype"":""r"",""privilege_type"":""TRIGGER"",""defaclnamespace"":""storage""}"
SA11_default_privileges,postgres/storage/TABLE,default_privilege,"{""grantee"":""service_role"",""grantor"":""postgres"",""defaclrole"":""postgres"",""is_grantable"":false,""defaclacl_raw"":""{postgres=arwdDxtm/postgres,anon=arwdDxtm/postgres,authenticated=arwdDxtm/postgres,service_role=arwdDxtm/postgres}"",""defaclobjtype"":""r"",""privilege_type"":""REFERENCES"",""defaclnamespace"":""storage""}"
SA11_default_privileges,supabase_admin/extensions/FUNCTION,default_privilege,"{""grantee"":""postgres"",""grantor"":""supabase_admin"",""defaclrole"":""supabase_admin"",""is_grantable"":true,""defaclacl_raw"":""{postgres=X*/supabase_admin}"",""defaclobjtype"":""f"",""privilege_type"":""EXECUTE"",""defaclnamespace"":""extensions""}"
SA11_default_privileges,supabase_admin/extensions/SEQUENCE,default_privilege,"{""grantee"":""postgres"",""grantor"":""supabase_admin"",""defaclrole"":""supabase_admin"",""is_grantable"":true,""defaclacl_raw"":""{postgres=r*w*U*/supabase_admin}"",""defaclobjtype"":""S"",""privilege_type"":""USAGE"",""defaclnamespace"":""extensions""}"
SA11_default_privileges,supabase_admin/extensions/SEQUENCE,default_privilege,"{""grantee"":""postgres"",""grantor"":""supabase_admin"",""defaclrole"":""supabase_admin"",""is_grantable"":true,""defaclacl_raw"":""{postgres=r*w*U*/supabase_admin}"",""defaclobjtype"":""S"",""privilege_type"":""SELECT"",""defaclnamespace"":""extensions""}"
SA11_default_privileges,supabase_admin/extensions/SEQUENCE,default_privilege,"{""grantee"":""postgres"",""grantor"":""supabase_admin"",""defaclrole"":""supabase_admin"",""is_grantable"":true,""defaclacl_raw"":""{postgres=r*w*U*/supabase_admin}"",""defaclobjtype"":""S"",""privilege_type"":""UPDATE"",""defaclnamespace"":""extensions""}"
SA11_default_privileges,supabase_admin/extensions/TABLE,default_privilege,"{""grantee"":""postgres"",""grantor"":""supabase_admin"",""defaclrole"":""supabase_admin"",""is_grantable"":true,""defaclacl_raw"":""{postgres=a*r*w*d*D*x*t*m*/supabase_admin}"",""defaclobjtype"":""r"",""privilege_type"":""TRUNCATE"",""defaclnamespace"":""extensions""}"
SA11_default_privileges,supabase_admin/extensions/TABLE,default_privilege,"{""grantee"":""postgres"",""grantor"":""supabase_admin"",""defaclrole"":""supabase_admin"",""is_grantable"":true,""defaclacl_raw"":""{postgres=a*r*w*d*D*x*t*m*/supabase_admin}"",""defaclobjtype"":""r"",""privilege_type"":""DELETE"",""defaclnamespace"":""extensions""}"
SA11_default_privileges,supabase_admin/extensions/TABLE,default_privilege,"{""grantee"":""postgres"",""grantor"":""supabase_admin"",""defaclrole"":""supabase_admin"",""is_grantable"":true,""defaclacl_raw"":""{postgres=a*r*w*d*D*x*t*m*/supabase_admin}"",""defaclobjtype"":""r"",""privilege_type"":""UPDATE"",""defaclnamespace"":""extensions""}"
SA11_default_privileges,supabase_admin/extensions/TABLE,default_privilege,"{""grantee"":""postgres"",""grantor"":""supabase_admin"",""defaclrole"":""supabase_admin"",""is_grantable"":true,""defaclacl_raw"":""{postgres=a*r*w*d*D*x*t*m*/supabase_admin}"",""defaclobjtype"":""r"",""privilege_type"":""SELECT"",""defaclnamespace"":""extensions""}"
SA11_default_privileges,supabase_admin/extensions/TABLE,default_privilege,"{""grantee"":""postgres"",""grantor"":""supabase_admin"",""defaclrole"":""supabase_admin"",""is_grantable"":true,""defaclacl_raw"":""{postgres=a*r*w*d*D*x*t*m*/supabase_admin}"",""defaclobjtype"":""r"",""privilege_type"":""INSERT"",""defaclnamespace"":""extensions""}"
SA11_default_privileges,supabase_admin/extensions/TABLE,default_privilege,"{""grantee"":""postgres"",""grantor"":""supabase_admin"",""defaclrole"":""supabase_admin"",""is_grantable"":true,""defaclacl_raw"":""{postgres=a*r*w*d*D*x*t*m*/supabase_admin}"",""defaclobjtype"":""r"",""privilege_type"":""MAINTAIN"",""defaclnamespace"":""extensions""}"
SA11_default_privileges,supabase_admin/extensions/TABLE,default_privilege,"{""grantee"":""postgres"",""grantor"":""supabase_admin"",""defaclrole"":""supabase_admin"",""is_grantable"":true,""defaclacl_raw"":""{postgres=a*r*w*d*D*x*t*m*/supabase_admin}"",""defaclobjtype"":""r"",""privilege_type"":""TRIGGER"",""defaclnamespace"":""extensions""}"
SA11_default_privileges,supabase_admin/extensions/TABLE,default_privilege,"{""grantee"":""postgres"",""grantor"":""supabase_admin"",""defaclrole"":""supabase_admin"",""is_grantable"":true,""defaclacl_raw"":""{postgres=a*r*w*d*D*x*t*m*/supabase_admin}"",""defaclobjtype"":""r"",""privilege_type"":""REFERENCES"",""defaclnamespace"":""extensions""}"
SA11_default_privileges,supabase_admin/graphql/FUNCTION,default_privilege,"{""grantee"":""authenticated"",""grantor"":""supabase_admin"",""defaclrole"":""supabase_admin"",""is_grantable"":false,""defaclacl_raw"":""{postgres=X/supabase_admin,anon=X/supabase_admin,authenticated=X/supabase_admin,service_role=X/supabase_admin}"",""defaclobjtype"":""f"",""privilege_type"":""EXECUTE"",""defaclnamespace"":""graphql""}"
SA11_default_privileges,supabase_admin/graphql/FUNCTION,default_privilege,"{""grantee"":""postgres"",""grantor"":""supabase_admin"",""defaclrole"":""supabase_admin"",""is_grantable"":false,""defaclacl_raw"":""{postgres=X/supabase_admin,anon=X/supabase_admin,authenticated=X/supabase_admin,service_role=X/supabase_admin}"",""defaclobjtype"":""f"",""privilege_type"":""EXECUTE"",""defaclnamespace"":""graphql""}"
SA11_default_privileges,supabase_admin/graphql/FUNCTION,default_privilege,"{""grantee"":""anon"",""grantor"":""supabase_admin"",""defaclrole"":""supabase_admin"",""is_grantable"":false,""defaclacl_raw"":""{postgres=X/supabase_admin,anon=X/supabase_admin,authenticated=X/supabase_admin,service_role=X/supabase_admin}"",""defaclobjtype"":""f"",""privilege_type"":""EXECUTE"",""defaclnamespace"":""graphql""}"
SA11_default_privileges,supabase_admin/graphql/FUNCTION,default_privilege,"{""grantee"":""service_role"",""grantor"":""supabase_admin"",""defaclrole"":""supabase_admin"",""is_grantable"":false,""defaclacl_raw"":""{postgres=X/supabase_admin,anon=X/supabase_admin,authenticated=X/supabase_admin,service_role=X/supabase_admin}"",""defaclobjtype"":""f"",""privilege_type"":""EXECUTE"",""defaclnamespace"":""graphql""}"
SA11_default_privileges,supabase_admin/graphql/SEQUENCE,default_privilege,"{""grantee"":""postgres"",""grantor"":""supabase_admin"",""defaclrole"":""supabase_admin"",""is_grantable"":false,""defaclacl_raw"":""{postgres=rwU/supabase_admin,anon=rwU/supabase_admin,authenticated=rwU/supabase_admin,service_role=rwU/supabase_admin}"",""defaclobjtype"":""S"",""privilege_type"":""SELECT"",""defaclnamespace"":""graphql""}"
SA11_default_privileges,supabase_admin/graphql/SEQUENCE,default_privilege,"{""grantee"":""postgres"",""grantor"":""supabase_admin"",""defaclrole"":""supabase_admin"",""is_grantable"":false,""defaclacl_raw"":""{postgres=rwU/supabase_admin,anon=rwU/supabase_admin,authenticated=rwU/supabase_admin,service_role=rwU/supabase_admin}"",""defaclobjtype"":""S"",""privilege_type"":""UPDATE"",""defaclnamespace"":""graphql""}"
SA11_default_privileges,supabase_admin/graphql/SEQUENCE,default_privilege,"{""grantee"":""postgres"",""grantor"":""supabase_admin"",""defaclrole"":""supabase_admin"",""is_grantable"":false,""defaclacl_raw"":""{postgres=rwU/supabase_admin,anon=rwU/supabase_admin,authenticated=rwU/supabase_admin,service_role=rwU/supabase_admin}"",""defaclobjtype"":""S"",""privilege_type"":""USAGE"",""defaclnamespace"":""graphql""}"
SA11_default_privileges,supabase_admin/graphql/SEQUENCE,default_privilege,"{""grantee"":""anon"",""grantor"":""supabase_admin"",""defaclrole"":""supabase_admin"",""is_grantable"":false,""defaclacl_raw"":""{postgres=rwU/supabase_admin,anon=rwU/supabase_admin,authenticated=rwU/supabase_admin,service_role=rwU/supabase_admin}"",""defaclobjtype"":""S"",""privilege_type"":""SELECT"",""defaclnamespace"":""graphql""}"
SA11_default_privileges,supabase_admin/graphql/SEQUENCE,default_privilege,"{""grantee"":""anon"",""grantor"":""supabase_admin"",""defaclrole"":""supabase_admin"",""is_grantable"":false,""defaclacl_raw"":""{postgres=rwU/supabase_admin,anon=rwU/supabase_admin,authenticated=rwU/supabase_admin,service_role=rwU/supabase_admin}"",""defaclobjtype"":""S"",""privilege_type"":""UPDATE"",""defaclnamespace"":""graphql""}"
SA11_default_privileges,supabase_admin/graphql/SEQUENCE,default_privilege,"{""grantee"":""anon"",""grantor"":""supabase_admin"",""defaclrole"":""supabase_admin"",""is_grantable"":false,""defaclacl_raw"":""{postgres=rwU/supabase_admin,anon=rwU/supabase_admin,authenticated=rwU/supabase_admin,service_role=rwU/supabase_admin}"",""defaclobjtype"":""S"",""privilege_type"":""USAGE"",""defaclnamespace"":""graphql""}"
SA11_default_privileges,supabase_admin/graphql/SEQUENCE,default_privilege,"{""grantee"":""authenticated"",""grantor"":""supabase_admin"",""defaclrole"":""supabase_admin"",""is_grantable"":false,""defaclacl_raw"":""{postgres=rwU/supabase_admin,anon=rwU/supabase_admin,authenticated=rwU/supabase_admin,service_role=rwU/supabase_admin}"",""defaclobjtype"":""S"",""privilege_type"":""SELECT"",""defaclnamespace"":""graphql""}"
SA11_default_privileges,supabase_admin/graphql/SEQUENCE,default_privilege,"{""grantee"":""authenticated"",""grantor"":""supabase_admin"",""defaclrole"":""supabase_admin"",""is_grantable"":false,""defaclacl_raw"":""{postgres=rwU/supabase_admin,anon=rwU/supabase_admin,authenticated=rwU/supabase_admin,service_role=rwU/supabase_admin}"",""defaclobjtype"":""S"",""privilege_type"":""UPDATE"",""defaclnamespace"":""graphql""}"
SA11_default_privileges,supabase_admin/graphql/SEQUENCE,default_privilege,"{""grantee"":""authenticated"",""grantor"":""supabase_admin"",""defaclrole"":""supabase_admin"",""is_grantable"":false,""defaclacl_raw"":""{postgres=rwU/supabase_admin,anon=rwU/supabase_admin,authenticated=rwU/supabase_admin,service_role=rwU/supabase_admin}"",""defaclobjtype"":""S"",""privilege_type"":""USAGE"",""defaclnamespace"":""graphql""}"
SA11_default_privileges,supabase_admin/graphql/SEQUENCE,default_privilege,"{""grantee"":""service_role"",""grantor"":""supabase_admin"",""defaclrole"":""supabase_admin"",""is_grantable"":false,""defaclacl_raw"":""{postgres=rwU/supabase_admin,anon=rwU/supabase_admin,authenticated=rwU/supabase_admin,service_role=rwU/supabase_admin}"",""defaclobjtype"":""S"",""privilege_type"":""SELECT"",""defaclnamespace"":""graphql""}"
SA11_default_privileges,supabase_admin/graphql/SEQUENCE,default_privilege,"{""grantee"":""service_role"",""grantor"":""supabase_admin"",""defaclrole"":""supabase_admin"",""is_grantable"":false,""defaclacl_raw"":""{postgres=rwU/supabase_admin,anon=rwU/supabase_admin,authenticated=rwU/supabase_admin,service_role=rwU/supabase_admin}"",""defaclobjtype"":""S"",""privilege_type"":""UPDATE"",""defaclnamespace"":""graphql""}"
SA11_default_privileges,supabase_admin/graphql/SEQUENCE,default_privilege,"{""grantee"":""service_role"",""grantor"":""supabase_admin"",""defaclrole"":""supabase_admin"",""is_grantable"":false,""defaclacl_raw"":""{postgres=rwU/supabase_admin,anon=rwU/supabase_admin,authenticated=rwU/supabase_admin,service_role=rwU/supabase_admin}"",""defaclobjtype"":""S"",""privilege_type"":""USAGE"",""defaclnamespace"":""graphql""}"
SA11_default_privileges,supabase_admin/graphql/TABLE,default_privilege,"{""grantee"":""anon"",""grantor"":""supabase_admin"",""defaclrole"":""supabase_admin"",""is_grantable"":false,""defaclacl_raw"":""{postgres=arwdDxtm/supabase_admin,anon=arwdDxtm/supabase_admin,authenticated=arwdDxtm/supabase_admin,service_role=arwdDxtm/supabase_admin}"",""defaclobjtype"":""r"",""privilege_type"":""UPDATE"",""defaclnamespace"":""graphql""}"
SA11_default_privileges,supabase_admin/graphql/TABLE,default_privilege,"{""grantee"":""postgres"",""grantor"":""supabase_admin"",""defaclrole"":""supabase_admin"",""is_grantable"":false,""defaclacl_raw"":""{postgres=arwdDxtm/supabase_admin,anon=arwdDxtm/supabase_admin,authenticated=arwdDxtm/supabase_admin,service_role=arwdDxtm/supabase_admin}"",""defaclobjtype"":""r"",""privilege_type"":""INSERT"",""defaclnamespace"":""graphql""}"
SA11_default_privileges,supabase_admin/graphql/TABLE,default_privilege,"{""grantee"":""postgres"",""grantor"":""supabase_admin"",""defaclrole"":""supabase_admin"",""is_grantable"":false,""defaclacl_raw"":""{postgres=arwdDxtm/supabase_admin,anon=arwdDxtm/supabase_admin,authenticated=arwdDxtm/supabase_admin,service_role=arwdDxtm/supabase_admin}"",""defaclobjtype"":""r"",""privilege_type"":""SELECT"",""defaclnamespace"":""graphql""}"
SA11_default_privileges,supabase_admin/graphql/TABLE,default_privilege,"{""grantee"":""postgres"",""grantor"":""supabase_admin"",""defaclrole"":""supabase_admin"",""is_grantable"":false,""defaclacl_raw"":""{postgres=arwdDxtm/supabase_admin,anon=arwdDxtm/supabase_admin,authenticated=arwdDxtm/supabase_admin,service_role=arwdDxtm/supabase_admin}"",""defaclobjtype"":""r"",""privilege_type"":""UPDATE"",""defaclnamespace"":""graphql""}"
SA11_default_privileges,supabase_admin/graphql/TABLE,default_privilege,"{""grantee"":""postgres"",""grantor"":""supabase_admin"",""defaclrole"":""supabase_admin"",""is_grantable"":false,""defaclacl_raw"":""{postgres=arwdDxtm/supabase_admin,anon=arwdDxtm/supabase_admin,authenticated=arwdDxtm/supabase_admin,service_role=arwdDxtm/supabase_admin}"",""defaclobjtype"":""r"",""privilege_type"":""DELETE"",""defaclnamespace"":""graphql""}"
SA11_default_privileges,supabase_admin/graphql/TABLE,default_privilege,"{""grantee"":""postgres"",""grantor"":""supabase_admin"",""defaclrole"":""supabase_admin"",""is_grantable"":false,""defaclacl_raw"":""{postgres=arwdDxtm/supabase_admin,anon=arwdDxtm/supabase_admin,authenticated=arwdDxtm/supabase_admin,service_role=arwdDxtm/supabase_admin}"",""defaclobjtype"":""r"",""privilege_type"":""TRUNCATE"",""defaclnamespace"":""graphql""}"
SA11_default_privileges,supabase_admin/graphql/TABLE,default_privilege,"{""grantee"":""postgres"",""grantor"":""supabase_admin"",""defaclrole"":""supabase_admin"",""is_grantable"":false,""defaclacl_raw"":""{postgres=arwdDxtm/supabase_admin,anon=arwdDxtm/supabase_admin,authenticated=arwdDxtm/supabase_admin,service_role=arwdDxtm/supabase_admin}"",""defaclobjtype"":""r"",""privilege_type"":""REFERENCES"",""defaclnamespace"":""graphql""}"
SA11_default_privileges,supabase_admin/graphql/TABLE,default_privilege,"{""grantee"":""postgres"",""grantor"":""supabase_admin"",""defaclrole"":""supabase_admin"",""is_grantable"":false,""defaclacl_raw"":""{postgres=arwdDxtm/supabase_admin,anon=arwdDxtm/supabase_admin,authenticated=arwdDxtm/supabase_admin,service_role=arwdDxtm/supabase_admin}"",""defaclobjtype"":""r"",""privilege_type"":""TRIGGER"",""defaclnamespace"":""graphql""}"
SA11_default_privileges,supabase_admin/graphql/TABLE,default_privilege,"{""grantee"":""postgres"",""grantor"":""supabase_admin"",""defaclrole"":""supabase_admin"",""is_grantable"":false,""defaclacl_raw"":""{postgres=arwdDxtm/supabase_admin,anon=arwdDxtm/supabase_admin,authenticated=arwdDxtm/supabase_admin,service_role=arwdDxtm/supabase_admin}"",""defaclobjtype"":""r"",""privilege_type"":""MAINTAIN"",""defaclnamespace"":""graphql""}"
SA11_default_privileges,supabase_admin/graphql/TABLE,default_privilege,"{""grantee"":""anon"",""grantor"":""supabase_admin"",""defaclrole"":""supabase_admin"",""is_grantable"":false,""defaclacl_raw"":""{postgres=arwdDxtm/supabase_admin,anon=arwdDxtm/supabase_admin,authenticated=arwdDxtm/supabase_admin,service_role=arwdDxtm/supabase_admin}"",""defaclobjtype"":""r"",""privilege_type"":""INSERT"",""defaclnamespace"":""graphql""}"
SA11_default_privileges,supabase_admin/graphql/TABLE,default_privilege,"{""grantee"":""anon"",""grantor"":""supabase_admin"",""defaclrole"":""supabase_admin"",""is_grantable"":false,""defaclacl_raw"":""{postgres=arwdDxtm/supabase_admin,anon=arwdDxtm/supabase_admin,authenticated=arwdDxtm/supabase_admin,service_role=arwdDxtm/supabase_admin}"",""defaclobjtype"":""r"",""privilege_type"":""SELECT"",""defaclnamespace"":""graphql""}"
SA11_default_privileges,supabase_admin/graphql/TABLE,default_privilege,"{""grantee"":""anon"",""grantor"":""supabase_admin"",""defaclrole"":""supabase_admin"",""is_grantable"":false,""defaclacl_raw"":""{postgres=arwdDxtm/supabase_admin,anon=arwdDxtm/supabase_admin,authenticated=arwdDxtm/supabase_admin,service_role=arwdDxtm/supabase_admin}"",""defaclobjtype"":""r"",""privilege_type"":""DELETE"",""defaclnamespace"":""graphql""}"
SA11_default_privileges,supabase_admin/graphql/TABLE,default_privilege,"{""grantee"":""anon"",""grantor"":""supabase_admin"",""defaclrole"":""supabase_admin"",""is_grantable"":false,""defaclacl_raw"":""{postgres=arwdDxtm/supabase_admin,anon=arwdDxtm/supabase_admin,authenticated=arwdDxtm/supabase_admin,service_role=arwdDxtm/supabase_admin}"",""defaclobjtype"":""r"",""privilege_type"":""TRUNCATE"",""defaclnamespace"":""graphql""}"
SA11_default_privileges,supabase_admin/graphql/TABLE,default_privilege,"{""grantee"":""anon"",""grantor"":""supabase_admin"",""defaclrole"":""supabase_admin"",""is_grantable"":false,""defaclacl_raw"":""{postgres=arwdDxtm/supabase_admin,anon=arwdDxtm/supabase_admin,authenticated=arwdDxtm/supabase_admin,service_role=arwdDxtm/supabase_admin}"",""defaclobjtype"":""r"",""privilege_type"":""REFERENCES"",""defaclnamespace"":""graphql""}"
SA11_default_privileges,supabase_admin/graphql/TABLE,default_privilege,"{""grantee"":""anon"",""grantor"":""supabase_admin"",""defaclrole"":""supabase_admin"",""is_grantable"":false,""defaclacl_raw"":""{postgres=arwdDxtm/supabase_admin,anon=arwdDxtm/supabase_admin,authenticated=arwdDxtm/supabase_admin,service_role=arwdDxtm/supabase_admin}"",""defaclobjtype"":""r"",""privilege_type"":""TRIGGER"",""defaclnamespace"":""graphql""}"
SA11_default_privileges,supabase_admin/graphql/TABLE,default_privilege,"{""grantee"":""anon"",""grantor"":""supabase_admin"",""defaclrole"":""supabase_admin"",""is_grantable"":false,""defaclacl_raw"":""{postgres=arwdDxtm/supabase_admin,anon=arwdDxtm/supabase_admin,authenticated=arwdDxtm/supabase_admin,service_role=arwdDxtm/supabase_admin}"",""defaclobjtype"":""r"",""privilege_type"":""MAINTAIN"",""defaclnamespace"":""graphql""}"
SA11_default_privileges,supabase_admin/graphql/TABLE,default_privilege,"{""grantee"":""authenticated"",""grantor"":""supabase_admin"",""defaclrole"":""supabase_admin"",""is_grantable"":false,""defaclacl_raw"":""{postgres=arwdDxtm/supabase_admin,anon=arwdDxtm/supabase_admin,authenticated=arwdDxtm/supabase_admin,service_role=arwdDxtm/supabase_admin}"",""defaclobjtype"":""r"",""privilege_type"":""INSERT"",""defaclnamespace"":""graphql""}"
SA11_default_privileges,supabase_admin/graphql/TABLE,default_privilege,"{""grantee"":""authenticated"",""grantor"":""supabase_admin"",""defaclrole"":""supabase_admin"",""is_grantable"":false,""defaclacl_raw"":""{postgres=arwdDxtm/supabase_admin,anon=arwdDxtm/supabase_admin,authenticated=arwdDxtm/supabase_admin,service_role=arwdDxtm/supabase_admin}"",""defaclobjtype"":""r"",""privilege_type"":""SELECT"",""defaclnamespace"":""graphql""}"
SA11_default_privileges,supabase_admin/graphql/TABLE,default_privilege,"{""grantee"":""authenticated"",""grantor"":""supabase_admin"",""defaclrole"":""supabase_admin"",""is_grantable"":false,""defaclacl_raw"":""{postgres=arwdDxtm/supabase_admin,anon=arwdDxtm/supabase_admin,authenticated=arwdDxtm/supabase_admin,service_role=arwdDxtm/supabase_admin}"",""defaclobjtype"":""r"",""privilege_type"":""UPDATE"",""defaclnamespace"":""graphql""}"
SA11_default_privileges,supabase_admin/graphql/TABLE,default_privilege,"{""grantee"":""authenticated"",""grantor"":""supabase_admin"",""defaclrole"":""supabase_admin"",""is_grantable"":false,""defaclacl_raw"":""{postgres=arwdDxtm/supabase_admin,anon=arwdDxtm/supabase_admin,authenticated=arwdDxtm/supabase_admin,service_role=arwdDxtm/supabase_admin}"",""defaclobjtype"":""r"",""privilege_type"":""DELETE"",""defaclnamespace"":""graphql""}"
SA11_default_privileges,supabase_admin/graphql/TABLE,default_privilege,"{""grantee"":""authenticated"",""grantor"":""supabase_admin"",""defaclrole"":""supabase_admin"",""is_grantable"":false,""defaclacl_raw"":""{postgres=arwdDxtm/supabase_admin,anon=arwdDxtm/supabase_admin,authenticated=arwdDxtm/supabase_admin,service_role=arwdDxtm/supabase_admin}"",""defaclobjtype"":""r"",""privilege_type"":""TRUNCATE"",""defaclnamespace"":""graphql""}"
SA11_default_privileges,supabase_admin/graphql/TABLE,default_privilege,"{""grantee"":""authenticated"",""grantor"":""supabase_admin"",""defaclrole"":""supabase_admin"",""is_grantable"":false,""defaclacl_raw"":""{postgres=arwdDxtm/supabase_admin,anon=arwdDxtm/supabase_admin,authenticated=arwdDxtm/supabase_admin,service_role=arwdDxtm/supabase_admin}"",""defaclobjtype"":""r"",""privilege_type"":""REFERENCES"",""defaclnamespace"":""graphql""}"
SA11_default_privileges,supabase_admin/graphql/TABLE,default_privilege,"{""grantee"":""authenticated"",""grantor"":""supabase_admin"",""defaclrole"":""supabase_admin"",""is_grantable"":false,""defaclacl_raw"":""{postgres=arwdDxtm/supabase_admin,anon=arwdDxtm/supabase_admin,authenticated=arwdDxtm/supabase_admin,service_role=arwdDxtm/supabase_admin}"",""defaclobjtype"":""r"",""privilege_type"":""TRIGGER"",""defaclnamespace"":""graphql""}"
SA11_default_privileges,supabase_admin/graphql/TABLE,default_privilege,"{""grantee"":""authenticated"",""grantor"":""supabase_admin"",""defaclrole"":""supabase_admin"",""is_grantable"":false,""defaclacl_raw"":""{postgres=arwdDxtm/supabase_admin,anon=arwdDxtm/supabase_admin,authenticated=arwdDxtm/supabase_admin,service_role=arwdDxtm/supabase_admin}"",""defaclobjtype"":""r"",""privilege_type"":""MAINTAIN"",""defaclnamespace"":""graphql""}"
SA11_default_privileges,supabase_admin/graphql/TABLE,default_privilege,"{""grantee"":""service_role"",""grantor"":""supabase_admin"",""defaclrole"":""supabase_admin"",""is_grantable"":false,""defaclacl_raw"":""{postgres=arwdDxtm/supabase_admin,anon=arwdDxtm/supabase_admin,authenticated=arwdDxtm/supabase_admin,service_role=arwdDxtm/supabase_admin}"",""defaclobjtype"":""r"",""privilege_type"":""INSERT"",""defaclnamespace"":""graphql""}"
SA11_default_privileges,supabase_admin/graphql/TABLE,default_privilege,"{""grantee"":""service_role"",""grantor"":""supabase_admin"",""defaclrole"":""supabase_admin"",""is_grantable"":false,""defaclacl_raw"":""{postgres=arwdDxtm/supabase_admin,anon=arwdDxtm/supabase_admin,authenticated=arwdDxtm/supabase_admin,service_role=arwdDxtm/supabase_admin}"",""defaclobjtype"":""r"",""privilege_type"":""SELECT"",""defaclnamespace"":""graphql""}"
SA11_default_privileges,supabase_admin/graphql/TABLE,default_privilege,"{""grantee"":""service_role"",""grantor"":""supabase_admin"",""defaclrole"":""supabase_admin"",""is_grantable"":false,""defaclacl_raw"":""{postgres=arwdDxtm/supabase_admin,anon=arwdDxtm/supabase_admin,authenticated=arwdDxtm/supabase_admin,service_role=arwdDxtm/supabase_admin}"",""defaclobjtype"":""r"",""privilege_type"":""UPDATE"",""defaclnamespace"":""graphql""}"
SA11_default_privileges,supabase_admin/graphql/TABLE,default_privilege,"{""grantee"":""service_role"",""grantor"":""supabase_admin"",""defaclrole"":""supabase_admin"",""is_grantable"":false,""defaclacl_raw"":""{postgres=arwdDxtm/supabase_admin,anon=arwdDxtm/supabase_admin,authenticated=arwdDxtm/supabase_admin,service_role=arwdDxtm/supabase_admin}"",""defaclobjtype"":""r"",""privilege_type"":""DELETE"",""defaclnamespace"":""graphql""}"
SA11_default_privileges,supabase_admin/graphql/TABLE,default_privilege,"{""grantee"":""service_role"",""grantor"":""supabase_admin"",""defaclrole"":""supabase_admin"",""is_grantable"":false,""defaclacl_raw"":""{postgres=arwdDxtm/supabase_admin,anon=arwdDxtm/supabase_admin,authenticated=arwdDxtm/supabase_admin,service_role=arwdDxtm/supabase_admin}"",""defaclobjtype"":""r"",""privilege_type"":""TRUNCATE"",""defaclnamespace"":""graphql""}"
SA11_default_privileges,supabase_admin/graphql/TABLE,default_privilege,"{""grantee"":""service_role"",""grantor"":""supabase_admin"",""defaclrole"":""supabase_admin"",""is_grantable"":false,""defaclacl_raw"":""{postgres=arwdDxtm/supabase_admin,anon=arwdDxtm/supabase_admin,authenticated=arwdDxtm/supabase_admin,service_role=arwdDxtm/supabase_admin}"",""defaclobjtype"":""r"",""privilege_type"":""REFERENCES"",""defaclnamespace"":""graphql""}"
SA11_default_privileges,supabase_admin/graphql/TABLE,default_privilege,"{""grantee"":""service_role"",""grantor"":""supabase_admin"",""defaclrole"":""supabase_admin"",""is_grantable"":false,""defaclacl_raw"":""{postgres=arwdDxtm/supabase_admin,anon=arwdDxtm/supabase_admin,authenticated=arwdDxtm/supabase_admin,service_role=arwdDxtm/supabase_admin}"",""defaclobjtype"":""r"",""privilege_type"":""TRIGGER"",""defaclnamespace"":""graphql""}"
SA11_default_privileges,supabase_admin/graphql/TABLE,default_privilege,"{""grantee"":""service_role"",""grantor"":""supabase_admin"",""defaclrole"":""supabase_admin"",""is_grantable"":false,""defaclacl_raw"":""{postgres=arwdDxtm/supabase_admin,anon=arwdDxtm/supabase_admin,authenticated=arwdDxtm/supabase_admin,service_role=arwdDxtm/supabase_admin}"",""defaclobjtype"":""r"",""privilege_type"":""MAINTAIN"",""defaclnamespace"":""graphql""}"
SA11_default_privileges,supabase_admin/graphql_public/FUNCTION,default_privilege,"{""grantee"":""service_role"",""grantor"":""supabase_admin"",""defaclrole"":""supabase_admin"",""is_grantable"":false,""defaclacl_raw"":""{postgres=X/supabase_admin,anon=X/supabase_admin,authenticated=X/supabase_admin,service_role=X/supabase_admin}"",""defaclobjtype"":""f"",""privilege_type"":""EXECUTE"",""defaclnamespace"":""graphql_public""}"
SA11_default_privileges,supabase_admin/graphql_public/FUNCTION,default_privilege,"{""grantee"":""postgres"",""grantor"":""supabase_admin"",""defaclrole"":""supabase_admin"",""is_grantable"":false,""defaclacl_raw"":""{postgres=X/supabase_admin,anon=X/supabase_admin,authenticated=X/supabase_admin,service_role=X/supabase_admin}"",""defaclobjtype"":""f"",""privilege_type"":""EXECUTE"",""defaclnamespace"":""graphql_public""}"
SA11_default_privileges,supabase_admin/graphql_public/FUNCTION,default_privilege,"{""grantee"":""anon"",""grantor"":""supabase_admin"",""defaclrole"":""supabase_admin"",""is_grantable"":false,""defaclacl_raw"":""{postgres=X/supabase_admin,anon=X/supabase_admin,authenticated=X/supabase_admin,service_role=X/supabase_admin}"",""defaclobjtype"":""f"",""privilege_type"":""EXECUTE"",""defaclnamespace"":""graphql_public""}"
SA11_default_privileges,supabase_admin/graphql_public/FUNCTION,default_privilege,"{""grantee"":""authenticated"",""grantor"":""supabase_admin"",""defaclrole"":""supabase_admin"",""is_grantable"":false,""defaclacl_raw"":""{postgres=X/supabase_admin,anon=X/supabase_admin,authenticated=X/supabase_admin,service_role=X/supabase_admin}"",""defaclobjtype"":""f"",""privilege_type"":""EXECUTE"",""defaclnamespace"":""graphql_public""}"
SA11_default_privileges,supabase_admin/graphql_public/SEQUENCE,default_privilege,"{""grantee"":""authenticated"",""grantor"":""supabase_admin"",""defaclrole"":""supabase_admin"",""is_grantable"":false,""defaclacl_raw"":""{postgres=rwU/supabase_admin,anon=rwU/supabase_admin,authenticated=rwU/supabase_admin,service_role=rwU/supabase_admin}"",""defaclobjtype"":""S"",""privilege_type"":""USAGE"",""defaclnamespace"":""graphql_public""}"
SA11_default_privileges,supabase_admin/graphql_public/SEQUENCE,default_privilege,"{""grantee"":""authenticated"",""grantor"":""supabase_admin"",""defaclrole"":""supabase_admin"",""is_grantable"":false,""defaclacl_raw"":""{postgres=rwU/supabase_admin,anon=rwU/supabase_admin,authenticated=rwU/supabase_admin,service_role=rwU/supabase_admin}"",""defaclobjtype"":""S"",""privilege_type"":""UPDATE"",""defaclnamespace"":""graphql_public""}"
SA11_default_privileges,supabase_admin/graphql_public/SEQUENCE,default_privilege,"{""grantee"":""authenticated"",""grantor"":""supabase_admin"",""defaclrole"":""supabase_admin"",""is_grantable"":false,""defaclacl_raw"":""{postgres=rwU/supabase_admin,anon=rwU/supabase_admin,authenticated=rwU/supabase_admin,service_role=rwU/supabase_admin}"",""defaclobjtype"":""S"",""privilege_type"":""SELECT"",""defaclnamespace"":""graphql_public""}"
SA11_default_privileges,supabase_admin/graphql_public/SEQUENCE,default_privilege,"{""grantee"":""anon"",""grantor"":""supabase_admin"",""defaclrole"":""supabase_admin"",""is_grantable"":false,""defaclacl_raw"":""{postgres=rwU/supabase_admin,anon=rwU/supabase_admin,authenticated=rwU/supabase_admin,service_role=rwU/supabase_admin}"",""defaclobjtype"":""S"",""privilege_type"":""USAGE"",""defaclnamespace"":""graphql_public""}"
SA11_default_privileges,supabase_admin/graphql_public/SEQUENCE,default_privilege,"{""grantee"":""anon"",""grantor"":""supabase_admin"",""defaclrole"":""supabase_admin"",""is_grantable"":false,""defaclacl_raw"":""{postgres=rwU/supabase_admin,anon=rwU/supabase_admin,authenticated=rwU/supabase_admin,service_role=rwU/supabase_admin}"",""defaclobjtype"":""S"",""privilege_type"":""UPDATE"",""defaclnamespace"":""graphql_public""}"
SA11_default_privileges,supabase_admin/graphql_public/SEQUENCE,default_privilege,"{""grantee"":""anon"",""grantor"":""supabase_admin"",""defaclrole"":""supabase_admin"",""is_grantable"":false,""defaclacl_raw"":""{postgres=rwU/supabase_admin,anon=rwU/supabase_admin,authenticated=rwU/supabase_admin,service_role=rwU/supabase_admin}"",""defaclobjtype"":""S"",""privilege_type"":""SELECT"",""defaclnamespace"":""graphql_public""}"
SA11_default_privileges,supabase_admin/graphql_public/SEQUENCE,default_privilege,"{""grantee"":""postgres"",""grantor"":""supabase_admin"",""defaclrole"":""supabase_admin"",""is_grantable"":false,""defaclacl_raw"":""{postgres=rwU/supabase_admin,anon=rwU/supabase_admin,authenticated=rwU/supabase_admin,service_role=rwU/supabase_admin}"",""defaclobjtype"":""S"",""privilege_type"":""USAGE"",""defaclnamespace"":""graphql_public""}"
SA11_default_privileges,supabase_admin/graphql_public/SEQUENCE,default_privilege,"{""grantee"":""postgres"",""grantor"":""supabase_admin"",""defaclrole"":""supabase_admin"",""is_grantable"":false,""defaclacl_raw"":""{postgres=rwU/supabase_admin,anon=rwU/supabase_admin,authenticated=rwU/supabase_admin,service_role=rwU/supabase_admin}"",""defaclobjtype"":""S"",""privilege_type"":""UPDATE"",""defaclnamespace"":""graphql_public""}"
SA11_default_privileges,supabase_admin/graphql_public/SEQUENCE,default_privilege,"{""grantee"":""postgres"",""grantor"":""supabase_admin"",""defaclrole"":""supabase_admin"",""is_grantable"":false,""defaclacl_raw"":""{postgres=rwU/supabase_admin,anon=rwU/supabase_admin,authenticated=rwU/supabase_admin,service_role=rwU/supabase_admin}"",""defaclobjtype"":""S"",""privilege_type"":""SELECT"",""defaclnamespace"":""graphql_public""}"
SA11_default_privileges,supabase_admin/graphql_public/SEQUENCE,default_privilege,"{""grantee"":""service_role"",""grantor"":""supabase_admin"",""defaclrole"":""supabase_admin"",""is_grantable"":false,""defaclacl_raw"":""{postgres=rwU/supabase_admin,anon=rwU/supabase_admin,authenticated=rwU/supabase_admin,service_role=rwU/supabase_admin}"",""defaclobjtype"":""S"",""privilege_type"":""USAGE"",""defaclnamespace"":""graphql_public""}"
SA11_default_privileges,supabase_admin/graphql_public/SEQUENCE,default_privilege,"{""grantee"":""service_role"",""grantor"":""supabase_admin"",""defaclrole"":""supabase_admin"",""is_grantable"":false,""defaclacl_raw"":""{postgres=rwU/supabase_admin,anon=rwU/supabase_admin,authenticated=rwU/supabase_admin,service_role=rwU/supabase_admin}"",""defaclobjtype"":""S"",""privilege_type"":""UPDATE"",""defaclnamespace"":""graphql_public""}"
SA11_default_privileges,supabase_admin/graphql_public/SEQUENCE,default_privilege,"{""grantee"":""service_role"",""grantor"":""supabase_admin"",""defaclrole"":""supabase_admin"",""is_grantable"":false,""defaclacl_raw"":""{postgres=rwU/supabase_admin,anon=rwU/supabase_admin,authenticated=rwU/supabase_admin,service_role=rwU/supabase_admin}"",""defaclobjtype"":""S"",""privilege_type"":""SELECT"",""defaclnamespace"":""graphql_public""}"
SA11_default_privileges,supabase_admin/graphql_public/TABLE,default_privilege,"{""grantee"":""anon"",""grantor"":""supabase_admin"",""defaclrole"":""supabase_admin"",""is_grantable"":false,""defaclacl_raw"":""{postgres=arwdDxtm/supabase_admin,anon=arwdDxtm/supabase_admin,authenticated=arwdDxtm/supabase_admin,service_role=arwdDxtm/supabase_admin}"",""defaclobjtype"":""r"",""privilege_type"":""MAINTAIN"",""defaclnamespace"":""graphql_public""}"
SA11_default_privileges,supabase_admin/graphql_public/TABLE,default_privilege,"{""grantee"":""postgres"",""grantor"":""supabase_admin"",""defaclrole"":""supabase_admin"",""is_grantable"":false,""defaclacl_raw"":""{postgres=arwdDxtm/supabase_admin,anon=arwdDxtm/supabase_admin,authenticated=arwdDxtm/supabase_admin,service_role=arwdDxtm/supabase_admin}"",""defaclobjtype"":""r"",""privilege_type"":""INSERT"",""defaclnamespace"":""graphql_public""}"
SA11_default_privileges,supabase_admin/graphql_public/TABLE,default_privilege,"{""grantee"":""postgres"",""grantor"":""supabase_admin"",""defaclrole"":""supabase_admin"",""is_grantable"":false,""defaclacl_raw"":""{postgres=arwdDxtm/supabase_admin,anon=arwdDxtm/supabase_admin,authenticated=arwdDxtm/supabase_admin,service_role=arwdDxtm/supabase_admin}"",""defaclobjtype"":""r"",""privilege_type"":""SELECT"",""defaclnamespace"":""graphql_public""}"
SA11_default_privileges,supabase_admin/graphql_public/TABLE,default_privilege,"{""grantee"":""postgres"",""grantor"":""supabase_admin"",""defaclrole"":""supabase_admin"",""is_grantable"":false,""defaclacl_raw"":""{postgres=arwdDxtm/supabase_admin,anon=arwdDxtm/supabase_admin,authenticated=arwdDxtm/supabase_admin,service_role=arwdDxtm/supabase_admin}"",""defaclobjtype"":""r"",""privilege_type"":""UPDATE"",""defaclnamespace"":""graphql_public""}"
SA11_default_privileges,supabase_admin/graphql_public/TABLE,default_privilege,"{""grantee"":""postgres"",""grantor"":""supabase_admin"",""defaclrole"":""supabase_admin"",""is_grantable"":false,""defaclacl_raw"":""{postgres=arwdDxtm/supabase_admin,anon=arwdDxtm/supabase_admin,authenticated=arwdDxtm/supabase_admin,service_role=arwdDxtm/supabase_admin}"",""defaclobjtype"":""r"",""privilege_type"":""DELETE"",""defaclnamespace"":""graphql_public""}"
SA11_default_privileges,supabase_admin/graphql_public/TABLE,default_privilege,"{""grantee"":""postgres"",""grantor"":""supabase_admin"",""defaclrole"":""supabase_admin"",""is_grantable"":false,""defaclacl_raw"":""{postgres=arwdDxtm/supabase_admin,anon=arwdDxtm/supabase_admin,authenticated=arwdDxtm/supabase_admin,service_role=arwdDxtm/supabase_admin}"",""defaclobjtype"":""r"",""privilege_type"":""TRUNCATE"",""defaclnamespace"":""graphql_public""}"
SA11_default_privileges,supabase_admin/graphql_public/TABLE,default_privilege,"{""grantee"":""postgres"",""grantor"":""supabase_admin"",""defaclrole"":""supabase_admin"",""is_grantable"":false,""defaclacl_raw"":""{postgres=arwdDxtm/supabase_admin,anon=arwdDxtm/supabase_admin,authenticated=arwdDxtm/supabase_admin,service_role=arwdDxtm/supabase_admin}"",""defaclobjtype"":""r"",""privilege_type"":""REFERENCES"",""defaclnamespace"":""graphql_public""}"
SA11_default_privileges,supabase_admin/graphql_public/TABLE,default_privilege,"{""grantee"":""postgres"",""grantor"":""supabase_admin"",""defaclrole"":""supabase_admin"",""is_grantable"":false,""defaclacl_raw"":""{postgres=arwdDxtm/supabase_admin,anon=arwdDxtm/supabase_admin,authenticated=arwdDxtm/supabase_admin,service_role=arwdDxtm/supabase_admin}"",""defaclobjtype"":""r"",""privilege_type"":""TRIGGER"",""defaclnamespace"":""graphql_public""}"
SA11_default_privileges,supabase_admin/graphql_public/TABLE,default_privilege,"{""grantee"":""postgres"",""grantor"":""supabase_admin"",""defaclrole"":""supabase_admin"",""is_grantable"":false,""defaclacl_raw"":""{postgres=arwdDxtm/supabase_admin,anon=arwdDxtm/supabase_admin,authenticated=arwdDxtm/supabase_admin,service_role=arwdDxtm/supabase_admin}"",""defaclobjtype"":""r"",""privilege_type"":""MAINTAIN"",""defaclnamespace"":""graphql_public""}"
SA11_default_privileges,supabase_admin/graphql_public/TABLE,default_privilege,"{""grantee"":""anon"",""grantor"":""supabase_admin"",""defaclrole"":""supabase_admin"",""is_grantable"":false,""defaclacl_raw"":""{postgres=arwdDxtm/supabase_admin,anon=arwdDxtm/supabase_admin,authenticated=arwdDxtm/supabase_admin,service_role=arwdDxtm/supabase_admin}"",""defaclobjtype"":""r"",""privilege_type"":""INSERT"",""defaclnamespace"":""graphql_public""}"
SA11_default_privileges,supabase_admin/graphql_public/TABLE,default_privilege,"{""grantee"":""anon"",""grantor"":""supabase_admin"",""defaclrole"":""supabase_admin"",""is_grantable"":false,""defaclacl_raw"":""{postgres=arwdDxtm/supabase_admin,anon=arwdDxtm/supabase_admin,authenticated=arwdDxtm/supabase_admin,service_role=arwdDxtm/supabase_admin}"",""defaclobjtype"":""r"",""privilege_type"":""SELECT"",""defaclnamespace"":""graphql_public""}"
SA11_default_privileges,supabase_admin/graphql_public/TABLE,default_privilege,"{""grantee"":""anon"",""grantor"":""supabase_admin"",""defaclrole"":""supabase_admin"",""is_grantable"":false,""defaclacl_raw"":""{postgres=arwdDxtm/supabase_admin,anon=arwdDxtm/supabase_admin,authenticated=arwdDxtm/supabase_admin,service_role=arwdDxtm/supabase_admin}"",""defaclobjtype"":""r"",""privilege_type"":""UPDATE"",""defaclnamespace"":""graphql_public""}"
SA11_default_privileges,supabase_admin/graphql_public/TABLE,default_privilege,"{""grantee"":""anon"",""grantor"":""supabase_admin"",""defaclrole"":""supabase_admin"",""is_grantable"":false,""defaclacl_raw"":""{postgres=arwdDxtm/supabase_admin,anon=arwdDxtm/supabase_admin,authenticated=arwdDxtm/supabase_admin,service_role=arwdDxtm/supabase_admin}"",""defaclobjtype"":""r"",""privilege_type"":""DELETE"",""defaclnamespace"":""graphql_public""}"
SA11_default_privileges,supabase_admin/graphql_public/TABLE,default_privilege,"{""grantee"":""anon"",""grantor"":""supabase_admin"",""defaclrole"":""supabase_admin"",""is_grantable"":false,""defaclacl_raw"":""{postgres=arwdDxtm/supabase_admin,anon=arwdDxtm/supabase_admin,authenticated=arwdDxtm/supabase_admin,service_role=arwdDxtm/supabase_admin}"",""defaclobjtype"":""r"",""privilege_type"":""TRUNCATE"",""defaclnamespace"":""graphql_public""}"
SA11_default_privileges,supabase_admin/graphql_public/TABLE,default_privilege,"{""grantee"":""anon"",""grantor"":""supabase_admin"",""defaclrole"":""supabase_admin"",""is_grantable"":false,""defaclacl_raw"":""{postgres=arwdDxtm/supabase_admin,anon=arwdDxtm/supabase_admin,authenticated=arwdDxtm/supabase_admin,service_role=arwdDxtm/supabase_admin}"",""defaclobjtype"":""r"",""privilege_type"":""REFERENCES"",""defaclnamespace"":""graphql_public""}"
SA11_default_privileges,supabase_admin/graphql_public/TABLE,default_privilege,"{""grantee"":""anon"",""grantor"":""supabase_admin"",""defaclrole"":""supabase_admin"",""is_grantable"":false,""defaclacl_raw"":""{postgres=arwdDxtm/supabase_admin,anon=arwdDxtm/supabase_admin,authenticated=arwdDxtm/supabase_admin,service_role=arwdDxtm/supabase_admin}"",""defaclobjtype"":""r"",""privilege_type"":""TRIGGER"",""defaclnamespace"":""graphql_public""}"
SA11_default_privileges,supabase_admin/graphql_public/TABLE,default_privilege,"{""grantee"":""authenticated"",""grantor"":""supabase_admin"",""defaclrole"":""supabase_admin"",""is_grantable"":false,""defaclacl_raw"":""{postgres=arwdDxtm/supabase_admin,anon=arwdDxtm/supabase_admin,authenticated=arwdDxtm/supabase_admin,service_role=arwdDxtm/supabase_admin}"",""defaclobjtype"":""r"",""privilege_type"":""INSERT"",""defaclnamespace"":""graphql_public""}"
SA11_default_privileges,supabase_admin/graphql_public/TABLE,default_privilege,"{""grantee"":""service_role"",""grantor"":""supabase_admin"",""defaclrole"":""supabase_admin"",""is_grantable"":false,""defaclacl_raw"":""{postgres=arwdDxtm/supabase_admin,anon=arwdDxtm/supabase_admin,authenticated=arwdDxtm/supabase_admin,service_role=arwdDxtm/supabase_admin}"",""defaclobjtype"":""r"",""privilege_type"":""MAINTAIN"",""defaclnamespace"":""graphql_public""}"
SA11_default_privileges,supabase_admin/graphql_public/TABLE,default_privilege,"{""grantee"":""service_role"",""grantor"":""supabase_admin"",""defaclrole"":""supabase_admin"",""is_grantable"":false,""defaclacl_raw"":""{postgres=arwdDxtm/supabase_admin,anon=arwdDxtm/supabase_admin,authenticated=arwdDxtm/supabase_admin,service_role=arwdDxtm/supabase_admin}"",""defaclobjtype"":""r"",""privilege_type"":""TRIGGER"",""defaclnamespace"":""graphql_public""}"
SA11_default_privileges,supabase_admin/graphql_public/TABLE,default_privilege,"{""grantee"":""service_role"",""grantor"":""supabase_admin"",""defaclrole"":""supabase_admin"",""is_grantable"":false,""defaclacl_raw"":""{postgres=arwdDxtm/supabase_admin,anon=arwdDxtm/supabase_admin,authenticated=arwdDxtm/supabase_admin,service_role=arwdDxtm/supabase_admin}"",""defaclobjtype"":""r"",""privilege_type"":""REFERENCES"",""defaclnamespace"":""graphql_public""}"
SA11_default_privileges,supabase_admin/graphql_public/TABLE,default_privilege,"{""grantee"":""service_role"",""grantor"":""supabase_admin"",""defaclrole"":""supabase_admin"",""is_grantable"":false,""defaclacl_raw"":""{postgres=arwdDxtm/supabase_admin,anon=arwdDxtm/supabase_admin,authenticated=arwdDxtm/supabase_admin,service_role=arwdDxtm/supabase_admin}"",""defaclobjtype"":""r"",""privilege_type"":""TRUNCATE"",""defaclnamespace"":""graphql_public""}"
SA11_default_privileges,supabase_admin/graphql_public/TABLE,default_privilege,"{""grantee"":""service_role"",""grantor"":""supabase_admin"",""defaclrole"":""supabase_admin"",""is_grantable"":false,""defaclacl_raw"":""{postgres=arwdDxtm/supabase_admin,anon=arwdDxtm/supabase_admin,authenticated=arwdDxtm/supabase_admin,service_role=arwdDxtm/supabase_admin}"",""defaclobjtype"":""r"",""privilege_type"":""DELETE"",""defaclnamespace"":""graphql_public""}"
SA11_default_privileges,supabase_admin/graphql_public/TABLE,default_privilege,"{""grantee"":""service_role"",""grantor"":""supabase_admin"",""defaclrole"":""supabase_admin"",""is_grantable"":false,""defaclacl_raw"":""{postgres=arwdDxtm/supabase_admin,anon=arwdDxtm/supabase_admin,authenticated=arwdDxtm/supabase_admin,service_role=arwdDxtm/supabase_admin}"",""defaclobjtype"":""r"",""privilege_type"":""UPDATE"",""defaclnamespace"":""graphql_public""}"
SA11_default_privileges,supabase_admin/graphql_public/TABLE,default_privilege,"{""grantee"":""service_role"",""grantor"":""supabase_admin"",""defaclrole"":""supabase_admin"",""is_grantable"":false,""defaclacl_raw"":""{postgres=arwdDxtm/supabase_admin,anon=arwdDxtm/supabase_admin,authenticated=arwdDxtm/supabase_admin,service_role=arwdDxtm/supabase_admin}"",""defaclobjtype"":""r"",""privilege_type"":""SELECT"",""defaclnamespace"":""graphql_public""}"
SA11_default_privileges,supabase_admin/graphql_public/TABLE,default_privilege,"{""grantee"":""service_role"",""grantor"":""supabase_admin"",""defaclrole"":""supabase_admin"",""is_grantable"":false,""defaclacl_raw"":""{postgres=arwdDxtm/supabase_admin,anon=arwdDxtm/supabase_admin,authenticated=arwdDxtm/supabase_admin,service_role=arwdDxtm/supabase_admin}"",""defaclobjtype"":""r"",""privilege_type"":""INSERT"",""defaclnamespace"":""graphql_public""}"
SA11_default_privileges,supabase_admin/graphql_public/TABLE,default_privilege,"{""grantee"":""authenticated"",""grantor"":""supabase_admin"",""defaclrole"":""supabase_admin"",""is_grantable"":false,""defaclacl_raw"":""{postgres=arwdDxtm/supabase_admin,anon=arwdDxtm/supabase_admin,authenticated=arwdDxtm/supabase_admin,service_role=arwdDxtm/supabase_admin}"",""defaclobjtype"":""r"",""privilege_type"":""MAINTAIN"",""defaclnamespace"":""graphql_public""}"
SA11_default_privileges,supabase_admin/graphql_public/TABLE,default_privilege,"{""grantee"":""authenticated"",""grantor"":""supabase_admin"",""defaclrole"":""supabase_admin"",""is_grantable"":false,""defaclacl_raw"":""{postgres=arwdDxtm/supabase_admin,anon=arwdDxtm/supabase_admin,authenticated=arwdDxtm/supabase_admin,service_role=arwdDxtm/supabase_admin}"",""defaclobjtype"":""r"",""privilege_type"":""TRIGGER"",""defaclnamespace"":""graphql_public""}"
SA11_default_privileges,supabase_admin/graphql_public/TABLE,default_privilege,"{""grantee"":""authenticated"",""grantor"":""supabase_admin"",""defaclrole"":""supabase_admin"",""is_grantable"":false,""defaclacl_raw"":""{postgres=arwdDxtm/supabase_admin,anon=arwdDxtm/supabase_admin,authenticated=arwdDxtm/supabase_admin,service_role=arwdDxtm/supabase_admin}"",""defaclobjtype"":""r"",""privilege_type"":""REFERENCES"",""defaclnamespace"":""graphql_public""}"
SA11_default_privileges,supabase_admin/graphql_public/TABLE,default_privilege,"{""grantee"":""authenticated"",""grantor"":""supabase_admin"",""defaclrole"":""supabase_admin"",""is_grantable"":false,""defaclacl_raw"":""{postgres=arwdDxtm/supabase_admin,anon=arwdDxtm/supabase_admin,authenticated=arwdDxtm/supabase_admin,service_role=arwdDxtm/supabase_admin}"",""defaclobjtype"":""r"",""privilege_type"":""TRUNCATE"",""defaclnamespace"":""graphql_public""}"
SA11_default_privileges,supabase_admin/graphql_public/TABLE,default_privilege,"{""grantee"":""authenticated"",""grantor"":""supabase_admin"",""defaclrole"":""supabase_admin"",""is_grantable"":false,""defaclacl_raw"":""{postgres=arwdDxtm/supabase_admin,anon=arwdDxtm/supabase_admin,authenticated=arwdDxtm/supabase_admin,service_role=arwdDxtm/supabase_admin}"",""defaclobjtype"":""r"",""privilege_type"":""DELETE"",""defaclnamespace"":""graphql_public""}"
SA11_default_privileges,supabase_admin/graphql_public/TABLE,default_privilege,"{""grantee"":""authenticated"",""grantor"":""supabase_admin"",""defaclrole"":""supabase_admin"",""is_grantable"":false,""defaclacl_raw"":""{postgres=arwdDxtm/supabase_admin,anon=arwdDxtm/supabase_admin,authenticated=arwdDxtm/supabase_admin,service_role=arwdDxtm/supabase_admin}"",""defaclobjtype"":""r"",""privilege_type"":""UPDATE"",""defaclnamespace"":""graphql_public""}"
SA11_default_privileges,supabase_admin/graphql_public/TABLE,default_privilege,"{""grantee"":""authenticated"",""grantor"":""supabase_admin"",""defaclrole"":""supabase_admin"",""is_grantable"":false,""defaclacl_raw"":""{postgres=arwdDxtm/supabase_admin,anon=arwdDxtm/supabase_admin,authenticated=arwdDxtm/supabase_admin,service_role=arwdDxtm/supabase_admin}"",""defaclobjtype"":""r"",""privilege_type"":""SELECT"",""defaclnamespace"":""graphql_public""}"
SA11_default_privileges,supabase_admin/public/FUNCTION,default_privilege,"{""grantee"":""postgres"",""grantor"":""supabase_admin"",""defaclrole"":""supabase_admin"",""is_grantable"":false,""defaclacl_raw"":""{postgres=X/supabase_admin,anon=X/supabase_admin,authenticated=X/supabase_admin,service_role=X/supabase_admin}"",""defaclobjtype"":""f"",""privilege_type"":""EXECUTE"",""defaclnamespace"":""public""}"
SA11_default_privileges,supabase_admin/public/FUNCTION,default_privilege,"{""grantee"":""authenticated"",""grantor"":""supabase_admin"",""defaclrole"":""supabase_admin"",""is_grantable"":false,""defaclacl_raw"":""{postgres=X/supabase_admin,anon=X/supabase_admin,authenticated=X/supabase_admin,service_role=X/supabase_admin}"",""defaclobjtype"":""f"",""privilege_type"":""EXECUTE"",""defaclnamespace"":""public""}"
SA11_default_privileges,supabase_admin/public/FUNCTION,default_privilege,"{""grantee"":""anon"",""grantor"":""supabase_admin"",""defaclrole"":""supabase_admin"",""is_grantable"":false,""defaclacl_raw"":""{postgres=X/supabase_admin,anon=X/supabase_admin,authenticated=X/supabase_admin,service_role=X/supabase_admin}"",""defaclobjtype"":""f"",""privilege_type"":""EXECUTE"",""defaclnamespace"":""public""}"
SA11_default_privileges,supabase_admin/public/FUNCTION,default_privilege,"{""grantee"":""service_role"",""grantor"":""supabase_admin"",""defaclrole"":""supabase_admin"",""is_grantable"":false,""defaclacl_raw"":""{postgres=X/supabase_admin,anon=X/supabase_admin,authenticated=X/supabase_admin,service_role=X/supabase_admin}"",""defaclobjtype"":""f"",""privilege_type"":""EXECUTE"",""defaclnamespace"":""public""}"
SA11_default_privileges,supabase_admin/public/SEQUENCE,default_privilege,"{""grantee"":""authenticated"",""grantor"":""supabase_admin"",""defaclrole"":""supabase_admin"",""is_grantable"":false,""defaclacl_raw"":""{postgres=rwU/supabase_admin,anon=rwU/supabase_admin,authenticated=rwU/supabase_admin,service_role=rwU/supabase_admin}"",""defaclobjtype"":""S"",""privilege_type"":""UPDATE"",""defaclnamespace"":""public""}"
SA11_default_privileges,supabase_admin/public/SEQUENCE,default_privilege,"{""grantee"":""service_role"",""grantor"":""supabase_admin"",""defaclrole"":""supabase_admin"",""is_grantable"":false,""defaclacl_raw"":""{postgres=rwU/supabase_admin,anon=rwU/supabase_admin,authenticated=rwU/supabase_admin,service_role=rwU/supabase_admin}"",""defaclobjtype"":""S"",""privilege_type"":""USAGE"",""defaclnamespace"":""public""}"
SA11_default_privileges,supabase_admin/public/SEQUENCE,default_privilege,"{""grantee"":""anon"",""grantor"":""supabase_admin"",""defaclrole"":""supabase_admin"",""is_grantable"":false,""defaclacl_raw"":""{postgres=rwU/supabase_admin,anon=rwU/supabase_admin,authenticated=rwU/supabase_admin,service_role=rwU/supabase_admin}"",""defaclobjtype"":""S"",""privilege_type"":""USAGE"",""defaclnamespace"":""public""}"
SA11_default_privileges,supabase_admin/public/SEQUENCE,default_privilege,"{""grantee"":""anon"",""grantor"":""supabase_admin"",""defaclrole"":""supabase_admin"",""is_grantable"":false,""defaclacl_raw"":""{postgres=rwU/supabase_admin,anon=rwU/supabase_admin,authenticated=rwU/supabase_admin,service_role=rwU/supabase_admin}"",""defaclobjtype"":""S"",""privilege_type"":""UPDATE"",""defaclnamespace"":""public""}"
SA11_default_privileges,supabase_admin/public/SEQUENCE,default_privilege,"{""grantee"":""anon"",""grantor"":""supabase_admin"",""defaclrole"":""supabase_admin"",""is_grantable"":false,""defaclacl_raw"":""{postgres=rwU/supabase_admin,anon=rwU/supabase_admin,authenticated=rwU/supabase_admin,service_role=rwU/supabase_admin}"",""defaclobjtype"":""S"",""privilege_type"":""SELECT"",""defaclnamespace"":""public""}"
SA11_default_privileges,supabase_admin/public/SEQUENCE,default_privilege,"{""grantee"":""postgres"",""grantor"":""supabase_admin"",""defaclrole"":""supabase_admin"",""is_grantable"":false,""defaclacl_raw"":""{postgres=rwU/supabase_admin,anon=rwU/supabase_admin,authenticated=rwU/supabase_admin,service_role=rwU/supabase_admin}"",""defaclobjtype"":""S"",""privilege_type"":""USAGE"",""defaclnamespace"":""public""}"
SA11_default_privileges,supabase_admin/public/SEQUENCE,default_privilege,"{""grantee"":""postgres"",""grantor"":""supabase_admin"",""defaclrole"":""supabase_admin"",""is_grantable"":false,""defaclacl_raw"":""{postgres=rwU/supabase_admin,anon=rwU/supabase_admin,authenticated=rwU/supabase_admin,service_role=rwU/supabase_admin}"",""defaclobjtype"":""S"",""privilege_type"":""UPDATE"",""defaclnamespace"":""public""}"
SA11_default_privileges,supabase_admin/public/SEQUENCE,default_privilege,"{""grantee"":""postgres"",""grantor"":""supabase_admin"",""defaclrole"":""supabase_admin"",""is_grantable"":false,""defaclacl_raw"":""{postgres=rwU/supabase_admin,anon=rwU/supabase_admin,authenticated=rwU/supabase_admin,service_role=rwU/supabase_admin}"",""defaclobjtype"":""S"",""privilege_type"":""SELECT"",""defaclnamespace"":""public""}"
SA11_default_privileges,supabase_admin/public/SEQUENCE,default_privilege,"{""grantee"":""authenticated"",""grantor"":""supabase_admin"",""defaclrole"":""supabase_admin"",""is_grantable"":false,""defaclacl_raw"":""{postgres=rwU/supabase_admin,anon=rwU/supabase_admin,authenticated=rwU/supabase_admin,service_role=rwU/supabase_admin}"",""defaclobjtype"":""S"",""privilege_type"":""SELECT"",""defaclnamespace"":""public""}"
SA11_default_privileges,supabase_admin/public/SEQUENCE,default_privilege,"{""grantee"":""service_role"",""grantor"":""supabase_admin"",""defaclrole"":""supabase_admin"",""is_grantable"":false,""defaclacl_raw"":""{postgres=rwU/supabase_admin,anon=rwU/supabase_admin,authenticated=rwU/supabase_admin,service_role=rwU/supabase_admin}"",""defaclobjtype"":""S"",""privilege_type"":""UPDATE"",""defaclnamespace"":""public""}"
SA11_default_privileges,supabase_admin/public/SEQUENCE,default_privilege,"{""grantee"":""service_role"",""grantor"":""supabase_admin"",""defaclrole"":""supabase_admin"",""is_grantable"":false,""defaclacl_raw"":""{postgres=rwU/supabase_admin,anon=rwU/supabase_admin,authenticated=rwU/supabase_admin,service_role=rwU/supabase_admin}"",""defaclobjtype"":""S"",""privilege_type"":""SELECT"",""defaclnamespace"":""public""}"
SA11_default_privileges,supabase_admin/public/SEQUENCE,default_privilege,"{""grantee"":""authenticated"",""grantor"":""supabase_admin"",""defaclrole"":""supabase_admin"",""is_grantable"":false,""defaclacl_raw"":""{postgres=rwU/supabase_admin,anon=rwU/supabase_admin,authenticated=rwU/supabase_admin,service_role=rwU/supabase_admin}"",""defaclobjtype"":""S"",""privilege_type"":""USAGE"",""defaclnamespace"":""public""}"
SA11_default_privileges,supabase_admin/public/TABLE,default_privilege,"{""grantee"":""service_role"",""grantor"":""supabase_admin"",""defaclrole"":""supabase_admin"",""is_grantable"":false,""defaclacl_raw"":""{postgres=arwdDxtm/supabase_admin,anon=arwdDxtm/supabase_admin,authenticated=arwdDxtm/supabase_admin,service_role=arwdDxtm/supabase_admin}"",""defaclobjtype"":""r"",""privilege_type"":""TRUNCATE"",""defaclnamespace"":""public""}"
SA11_default_privileges,supabase_admin/public/TABLE,default_privilege,"{""grantee"":""authenticated"",""grantor"":""supabase_admin"",""defaclrole"":""supabase_admin"",""is_grantable"":false,""defaclacl_raw"":""{postgres=arwdDxtm/supabase_admin,anon=arwdDxtm/supabase_admin,authenticated=arwdDxtm/supabase_admin,service_role=arwdDxtm/supabase_admin}"",""defaclobjtype"":""r"",""privilege_type"":""INSERT"",""defaclnamespace"":""public""}"
SA11_default_privileges,supabase_admin/public/TABLE,default_privilege,"{""grantee"":""anon"",""grantor"":""supabase_admin"",""defaclrole"":""supabase_admin"",""is_grantable"":false,""defaclacl_raw"":""{postgres=arwdDxtm/supabase_admin,anon=arwdDxtm/supabase_admin,authenticated=arwdDxtm/supabase_admin,service_role=arwdDxtm/supabase_admin}"",""defaclobjtype"":""r"",""privilege_type"":""MAINTAIN"",""defaclnamespace"":""public""}"
SA11_default_privileges,supabase_admin/public/TABLE,default_privilege,"{""grantee"":""anon"",""grantor"":""supabase_admin"",""defaclrole"":""supabase_admin"",""is_grantable"":false,""defaclacl_raw"":""{postgres=arwdDxtm/supabase_admin,anon=arwdDxtm/supabase_admin,authenticated=arwdDxtm/supabase_admin,service_role=arwdDxtm/supabase_admin}"",""defaclobjtype"":""r"",""privilege_type"":""TRIGGER"",""defaclnamespace"":""public""}"
SA11_default_privileges,supabase_admin/public/TABLE,default_privilege,"{""grantee"":""anon"",""grantor"":""supabase_admin"",""defaclrole"":""supabase_admin"",""is_grantable"":false,""defaclacl_raw"":""{postgres=arwdDxtm/supabase_admin,anon=arwdDxtm/supabase_admin,authenticated=arwdDxtm/supabase_admin,service_role=arwdDxtm/supabase_admin}"",""defaclobjtype"":""r"",""privilege_type"":""REFERENCES"",""defaclnamespace"":""public""}"
SA11_default_privileges,supabase_admin/public/TABLE,default_privilege,"{""grantee"":""anon"",""grantor"":""supabase_admin"",""defaclrole"":""supabase_admin"",""is_grantable"":false,""defaclacl_raw"":""{postgres=arwdDxtm/supabase_admin,anon=arwdDxtm/supabase_admin,authenticated=arwdDxtm/supabase_admin,service_role=arwdDxtm/supabase_admin}"",""defaclobjtype"":""r"",""privilege_type"":""TRUNCATE"",""defaclnamespace"":""public""}"
SA11_default_privileges,supabase_admin/public/TABLE,default_privilege,"{""grantee"":""anon"",""grantor"":""supabase_admin"",""defaclrole"":""supabase_admin"",""is_grantable"":false,""defaclacl_raw"":""{postgres=arwdDxtm/supabase_admin,anon=arwdDxtm/supabase_admin,authenticated=arwdDxtm/supabase_admin,service_role=arwdDxtm/supabase_admin}"",""defaclobjtype"":""r"",""privilege_type"":""DELETE"",""defaclnamespace"":""public""}"
SA11_default_privileges,supabase_admin/public/TABLE,default_privilege,"{""grantee"":""anon"",""grantor"":""supabase_admin"",""defaclrole"":""supabase_admin"",""is_grantable"":false,""defaclacl_raw"":""{postgres=arwdDxtm/supabase_admin,anon=arwdDxtm/supabase_admin,authenticated=arwdDxtm/supabase_admin,service_role=arwdDxtm/supabase_admin}"",""defaclobjtype"":""r"",""privilege_type"":""UPDATE"",""defaclnamespace"":""public""}"
SA11_default_privileges,supabase_admin/public/TABLE,default_privilege,"{""grantee"":""anon"",""grantor"":""supabase_admin"",""defaclrole"":""supabase_admin"",""is_grantable"":false,""defaclacl_raw"":""{postgres=arwdDxtm/supabase_admin,anon=arwdDxtm/supabase_admin,authenticated=arwdDxtm/supabase_admin,service_role=arwdDxtm/supabase_admin}"",""defaclobjtype"":""r"",""privilege_type"":""SELECT"",""defaclnamespace"":""public""}"
SA11_default_privileges,supabase_admin/public/TABLE,default_privilege,"{""grantee"":""anon"",""grantor"":""supabase_admin"",""defaclrole"":""supabase_admin"",""is_grantable"":false,""defaclacl_raw"":""{postgres=arwdDxtm/supabase_admin,anon=arwdDxtm/supabase_admin,authenticated=arwdDxtm/supabase_admin,service_role=arwdDxtm/supabase_admin}"",""defaclobjtype"":""r"",""privilege_type"":""INSERT"",""defaclnamespace"":""public""}"
SA11_default_privileges,supabase_admin/public/TABLE,default_privilege,"{""grantee"":""postgres"",""grantor"":""supabase_admin"",""defaclrole"":""supabase_admin"",""is_grantable"":false,""defaclacl_raw"":""{postgres=arwdDxtm/supabase_admin,anon=arwdDxtm/supabase_admin,authenticated=arwdDxtm/supabase_admin,service_role=arwdDxtm/supabase_admin}"",""defaclobjtype"":""r"",""privilege_type"":""MAINTAIN"",""defaclnamespace"":""public""}"
SA11_default_privileges,supabase_admin/public/TABLE,default_privilege,"{""grantee"":""postgres"",""grantor"":""supabase_admin"",""defaclrole"":""supabase_admin"",""is_grantable"":false,""defaclacl_raw"":""{postgres=arwdDxtm/supabase_admin,anon=arwdDxtm/supabase_admin,authenticated=arwdDxtm/supabase_admin,service_role=arwdDxtm/supabase_admin}"",""defaclobjtype"":""r"",""privilege_type"":""TRIGGER"",""defaclnamespace"":""public""}"
SA11_default_privileges,supabase_admin/public/TABLE,default_privilege,"{""grantee"":""postgres"",""grantor"":""supabase_admin"",""defaclrole"":""supabase_admin"",""is_grantable"":false,""defaclacl_raw"":""{postgres=arwdDxtm/supabase_admin,anon=arwdDxtm/supabase_admin,authenticated=arwdDxtm/supabase_admin,service_role=arwdDxtm/supabase_admin}"",""defaclobjtype"":""r"",""privilege_type"":""REFERENCES"",""defaclnamespace"":""public""}"
SA11_default_privileges,supabase_admin/public/TABLE,default_privilege,"{""grantee"":""postgres"",""grantor"":""supabase_admin"",""defaclrole"":""supabase_admin"",""is_grantable"":false,""defaclacl_raw"":""{postgres=arwdDxtm/supabase_admin,anon=arwdDxtm/supabase_admin,authenticated=arwdDxtm/supabase_admin,service_role=arwdDxtm/supabase_admin}"",""defaclobjtype"":""r"",""privilege_type"":""TRUNCATE"",""defaclnamespace"":""public""}"
SA11_default_privileges,supabase_admin/public/TABLE,default_privilege,"{""grantee"":""postgres"",""grantor"":""supabase_admin"",""defaclrole"":""supabase_admin"",""is_grantable"":false,""defaclacl_raw"":""{postgres=arwdDxtm/supabase_admin,anon=arwdDxtm/supabase_admin,authenticated=arwdDxtm/supabase_admin,service_role=arwdDxtm/supabase_admin}"",""defaclobjtype"":""r"",""privilege_type"":""DELETE"",""defaclnamespace"":""public""}"
SA11_default_privileges,supabase_admin/public/TABLE,default_privilege,"{""grantee"":""postgres"",""grantor"":""supabase_admin"",""defaclrole"":""supabase_admin"",""is_grantable"":false,""defaclacl_raw"":""{postgres=arwdDxtm/supabase_admin,anon=arwdDxtm/supabase_admin,authenticated=arwdDxtm/supabase_admin,service_role=arwdDxtm/supabase_admin}"",""defaclobjtype"":""r"",""privilege_type"":""UPDATE"",""defaclnamespace"":""public""}"
SA11_default_privileges,supabase_admin/public/TABLE,default_privilege,"{""grantee"":""postgres"",""grantor"":""supabase_admin"",""defaclrole"":""supabase_admin"",""is_grantable"":false,""defaclacl_raw"":""{postgres=arwdDxtm/supabase_admin,anon=arwdDxtm/supabase_admin,authenticated=arwdDxtm/supabase_admin,service_role=arwdDxtm/supabase_admin}"",""defaclobjtype"":""r"",""privilege_type"":""SELECT"",""defaclnamespace"":""public""}"
SA11_default_privileges,supabase_admin/public/TABLE,default_privilege,"{""grantee"":""postgres"",""grantor"":""supabase_admin"",""defaclrole"":""supabase_admin"",""is_grantable"":false,""defaclacl_raw"":""{postgres=arwdDxtm/supabase_admin,anon=arwdDxtm/supabase_admin,authenticated=arwdDxtm/supabase_admin,service_role=arwdDxtm/supabase_admin}"",""defaclobjtype"":""r"",""privilege_type"":""INSERT"",""defaclnamespace"":""public""}"
SA11_default_privileges,supabase_admin/public/TABLE,default_privilege,"{""grantee"":""service_role"",""grantor"":""supabase_admin"",""defaclrole"":""supabase_admin"",""is_grantable"":false,""defaclacl_raw"":""{postgres=arwdDxtm/supabase_admin,anon=arwdDxtm/supabase_admin,authenticated=arwdDxtm/supabase_admin,service_role=arwdDxtm/supabase_admin}"",""defaclobjtype"":""r"",""privilege_type"":""MAINTAIN"",""defaclnamespace"":""public""}"
SA11_default_privileges,supabase_admin/public/TABLE,default_privilege,"{""grantee"":""service_role"",""grantor"":""supabase_admin"",""defaclrole"":""supabase_admin"",""is_grantable"":false,""defaclacl_raw"":""{postgres=arwdDxtm/supabase_admin,anon=arwdDxtm/supabase_admin,authenticated=arwdDxtm/supabase_admin,service_role=arwdDxtm/supabase_admin}"",""defaclobjtype"":""r"",""privilege_type"":""TRIGGER"",""defaclnamespace"":""public""}"
SA11_default_privileges,supabase_admin/public/TABLE,default_privilege,"{""grantee"":""service_role"",""grantor"":""supabase_admin"",""defaclrole"":""supabase_admin"",""is_grantable"":false,""defaclacl_raw"":""{postgres=arwdDxtm/supabase_admin,anon=arwdDxtm/supabase_admin,authenticated=arwdDxtm/supabase_admin,service_role=arwdDxtm/supabase_admin}"",""defaclobjtype"":""r"",""privilege_type"":""REFERENCES"",""defaclnamespace"":""public""}"
SA11_default_privileges,supabase_admin/public/TABLE,default_privilege,"{""grantee"":""service_role"",""grantor"":""supabase_admin"",""defaclrole"":""supabase_admin"",""is_grantable"":false,""defaclacl_raw"":""{postgres=arwdDxtm/supabase_admin,anon=arwdDxtm/supabase_admin,authenticated=arwdDxtm/supabase_admin,service_role=arwdDxtm/supabase_admin}"",""defaclobjtype"":""r"",""privilege_type"":""DELETE"",""defaclnamespace"":""public""}"
SA11_default_privileges,supabase_admin/public/TABLE,default_privilege,"{""grantee"":""service_role"",""grantor"":""supabase_admin"",""defaclrole"":""supabase_admin"",""is_grantable"":false,""defaclacl_raw"":""{postgres=arwdDxtm/supabase_admin,anon=arwdDxtm/supabase_admin,authenticated=arwdDxtm/supabase_admin,service_role=arwdDxtm/supabase_admin}"",""defaclobjtype"":""r"",""privilege_type"":""UPDATE"",""defaclnamespace"":""public""}"
SA11_default_privileges,supabase_admin/public/TABLE,default_privilege,"{""grantee"":""service_role"",""grantor"":""supabase_admin"",""defaclrole"":""supabase_admin"",""is_grantable"":false,""defaclacl_raw"":""{postgres=arwdDxtm/supabase_admin,anon=arwdDxtm/supabase_admin,authenticated=arwdDxtm/supabase_admin,service_role=arwdDxtm/supabase_admin}"",""defaclobjtype"":""r"",""privilege_type"":""SELECT"",""defaclnamespace"":""public""}"
SA11_default_privileges,supabase_admin/public/TABLE,default_privilege,"{""grantee"":""service_role"",""grantor"":""supabase_admin"",""defaclrole"":""supabase_admin"",""is_grantable"":false,""defaclacl_raw"":""{postgres=arwdDxtm/supabase_admin,anon=arwdDxtm/supabase_admin,authenticated=arwdDxtm/supabase_admin,service_role=arwdDxtm/supabase_admin}"",""defaclobjtype"":""r"",""privilege_type"":""INSERT"",""defaclnamespace"":""public""}"
SA11_default_privileges,supabase_admin/public/TABLE,default_privilege,"{""grantee"":""authenticated"",""grantor"":""supabase_admin"",""defaclrole"":""supabase_admin"",""is_grantable"":false,""defaclacl_raw"":""{postgres=arwdDxtm/supabase_admin,anon=arwdDxtm/supabase_admin,authenticated=arwdDxtm/supabase_admin,service_role=arwdDxtm/supabase_admin}"",""defaclobjtype"":""r"",""privilege_type"":""MAINTAIN"",""defaclnamespace"":""public""}"
SA11_default_privileges,supabase_admin/public/TABLE,default_privilege,"{""grantee"":""authenticated"",""grantor"":""supabase_admin"",""defaclrole"":""supabase_admin"",""is_grantable"":false,""defaclacl_raw"":""{postgres=arwdDxtm/supabase_admin,anon=arwdDxtm/supabase_admin,authenticated=arwdDxtm/supabase_admin,service_role=arwdDxtm/supabase_admin}"",""defaclobjtype"":""r"",""privilege_type"":""TRIGGER"",""defaclnamespace"":""public""}"
SA11_default_privileges,supabase_admin/public/TABLE,default_privilege,"{""grantee"":""authenticated"",""grantor"":""supabase_admin"",""defaclrole"":""supabase_admin"",""is_grantable"":false,""defaclacl_raw"":""{postgres=arwdDxtm/supabase_admin,anon=arwdDxtm/supabase_admin,authenticated=arwdDxtm/supabase_admin,service_role=arwdDxtm/supabase_admin}"",""defaclobjtype"":""r"",""privilege_type"":""REFERENCES"",""defaclnamespace"":""public""}"
SA11_default_privileges,supabase_admin/public/TABLE,default_privilege,"{""grantee"":""authenticated"",""grantor"":""supabase_admin"",""defaclrole"":""supabase_admin"",""is_grantable"":false,""defaclacl_raw"":""{postgres=arwdDxtm/supabase_admin,anon=arwdDxtm/supabase_admin,authenticated=arwdDxtm/supabase_admin,service_role=arwdDxtm/supabase_admin}"",""defaclobjtype"":""r"",""privilege_type"":""TRUNCATE"",""defaclnamespace"":""public""}"
SA11_default_privileges,supabase_admin/public/TABLE,default_privilege,"{""grantee"":""authenticated"",""grantor"":""supabase_admin"",""defaclrole"":""supabase_admin"",""is_grantable"":false,""defaclacl_raw"":""{postgres=arwdDxtm/supabase_admin,anon=arwdDxtm/supabase_admin,authenticated=arwdDxtm/supabase_admin,service_role=arwdDxtm/supabase_admin}"",""defaclobjtype"":""r"",""privilege_type"":""DELETE"",""defaclnamespace"":""public""}"
SA11_default_privileges,supabase_admin/public/TABLE,default_privilege,"{""grantee"":""authenticated"",""grantor"":""supabase_admin"",""defaclrole"":""supabase_admin"",""is_grantable"":false,""defaclacl_raw"":""{postgres=arwdDxtm/supabase_admin,anon=arwdDxtm/supabase_admin,authenticated=arwdDxtm/supabase_admin,service_role=arwdDxtm/supabase_admin}"",""defaclobjtype"":""r"",""privilege_type"":""UPDATE"",""defaclnamespace"":""public""}"
SA11_default_privileges,supabase_admin/public/TABLE,default_privilege,"{""grantee"":""authenticated"",""grantor"":""supabase_admin"",""defaclrole"":""supabase_admin"",""is_grantable"":false,""defaclacl_raw"":""{postgres=arwdDxtm/supabase_admin,anon=arwdDxtm/supabase_admin,authenticated=arwdDxtm/supabase_admin,service_role=arwdDxtm/supabase_admin}"",""defaclobjtype"":""r"",""privilege_type"":""SELECT"",""defaclnamespace"":""public""}"
SA11_default_privileges,supabase_admin/realtime/FUNCTION,default_privilege,"{""grantee"":""dashboard_user"",""grantor"":""supabase_admin"",""defaclrole"":""supabase_admin"",""is_grantable"":false,""defaclacl_raw"":""{postgres=X/supabase_admin,dashboard_user=X/supabase_admin}"",""defaclobjtype"":""f"",""privilege_type"":""EXECUTE"",""defaclnamespace"":""realtime""}"
SA11_default_privileges,supabase_admin/realtime/FUNCTION,default_privilege,"{""grantee"":""postgres"",""grantor"":""supabase_admin"",""defaclrole"":""supabase_admin"",""is_grantable"":false,""defaclacl_raw"":""{postgres=X/supabase_admin,dashboard_user=X/supabase_admin}"",""defaclobjtype"":""f"",""privilege_type"":""EXECUTE"",""defaclnamespace"":""realtime""}"
SA11_default_privileges,supabase_admin/realtime/SEQUENCE,default_privilege,"{""grantee"":""postgres"",""grantor"":""supabase_admin"",""defaclrole"":""supabase_admin"",""is_grantable"":false,""defaclacl_raw"":""{postgres=rwU/supabase_admin,dashboard_user=rwU/supabase_admin}"",""defaclobjtype"":""S"",""privilege_type"":""UPDATE"",""defaclnamespace"":""realtime""}"
SA11_default_privileges,supabase_admin/realtime/SEQUENCE,default_privilege,"{""grantee"":""postgres"",""grantor"":""supabase_admin"",""defaclrole"":""supabase_admin"",""is_grantable"":false,""defaclacl_raw"":""{postgres=rwU/supabase_admin,dashboard_user=rwU/supabase_admin}"",""defaclobjtype"":""S"",""privilege_type"":""USAGE"",""defaclnamespace"":""realtime""}"
SA11_default_privileges,supabase_admin/realtime/SEQUENCE,default_privilege,"{""grantee"":""dashboard_user"",""grantor"":""supabase_admin"",""defaclrole"":""supabase_admin"",""is_grantable"":false,""defaclacl_raw"":""{postgres=rwU/supabase_admin,dashboard_user=rwU/supabase_admin}"",""defaclobjtype"":""S"",""privilege_type"":""SELECT"",""defaclnamespace"":""realtime""}"
SA11_default_privileges,supabase_admin/realtime/SEQUENCE,default_privilege,"{""grantee"":""dashboard_user"",""grantor"":""supabase_admin"",""defaclrole"":""supabase_admin"",""is_grantable"":false,""defaclacl_raw"":""{postgres=rwU/supabase_admin,dashboard_user=rwU/supabase_admin}"",""defaclobjtype"":""S"",""privilege_type"":""UPDATE"",""defaclnamespace"":""realtime""}"
SA11_default_privileges,supabase_admin/realtime/SEQUENCE,default_privilege,"{""grantee"":""dashboard_user"",""grantor"":""supabase_admin"",""defaclrole"":""supabase_admin"",""is_grantable"":false,""defaclacl_raw"":""{postgres=rwU/supabase_admin,dashboard_user=rwU/supabase_admin}"",""defaclobjtype"":""S"",""privilege_type"":""USAGE"",""defaclnamespace"":""realtime""}"
SA11_default_privileges,supabase_admin/realtime/SEQUENCE,default_privilege,"{""grantee"":""postgres"",""grantor"":""supabase_admin"",""defaclrole"":""supabase_admin"",""is_grantable"":false,""defaclacl_raw"":""{postgres=rwU/supabase_admin,dashboard_user=rwU/supabase_admin}"",""defaclobjtype"":""S"",""privilege_type"":""SELECT"",""defaclnamespace"":""realtime""}"
SA11_default_privileges,supabase_admin/realtime/TABLE,default_privilege,"{""grantee"":""dashboard_user"",""grantor"":""supabase_admin"",""defaclrole"":""supabase_admin"",""is_grantable"":false,""defaclacl_raw"":""{postgres=arwdDxtm/supabase_admin,dashboard_user=arwdDxtm/supabase_admin}"",""defaclobjtype"":""r"",""privilege_type"":""DELETE"",""defaclnamespace"":""realtime""}"
SA11_default_privileges,supabase_admin/realtime/TABLE,default_privilege,"{""grantee"":""dashboard_user"",""grantor"":""supabase_admin"",""defaclrole"":""supabase_admin"",""is_grantable"":false,""defaclacl_raw"":""{postgres=arwdDxtm/supabase_admin,dashboard_user=arwdDxtm/supabase_admin}"",""defaclobjtype"":""r"",""privilege_type"":""TRUNCATE"",""defaclnamespace"":""realtime""}"
SA11_default_privileges,supabase_admin/realtime/TABLE,default_privilege,"{""grantee"":""dashboard_user"",""grantor"":""supabase_admin"",""defaclrole"":""supabase_admin"",""is_grantable"":false,""defaclacl_raw"":""{postgres=arwdDxtm/supabase_admin,dashboard_user=arwdDxtm/supabase_admin}"",""defaclobjtype"":""r"",""privilege_type"":""REFERENCES"",""defaclnamespace"":""realtime""}"
SA11_default_privileges,supabase_admin/realtime/TABLE,default_privilege,"{""grantee"":""dashboard_user"",""grantor"":""supabase_admin"",""defaclrole"":""supabase_admin"",""is_grantable"":false,""defaclacl_raw"":""{postgres=arwdDxtm/supabase_admin,dashboard_user=arwdDxtm/supabase_admin}"",""defaclobjtype"":""r"",""privilege_type"":""TRIGGER"",""defaclnamespace"":""realtime""}"
SA11_default_privileges,supabase_admin/realtime/TABLE,default_privilege,"{""grantee"":""dashboard_user"",""grantor"":""supabase_admin"",""defaclrole"":""supabase_admin"",""is_grantable"":false,""defaclacl_raw"":""{postgres=arwdDxtm/supabase_admin,dashboard_user=arwdDxtm/supabase_admin}"",""defaclobjtype"":""r"",""privilege_type"":""MAINTAIN"",""defaclnamespace"":""realtime""}"
SA11_default_privileges,supabase_admin/realtime/TABLE,default_privilege,"{""grantee"":""postgres"",""grantor"":""supabase_admin"",""defaclrole"":""supabase_admin"",""is_grantable"":false,""defaclacl_raw"":""{postgres=arwdDxtm/supabase_admin,dashboard_user=arwdDxtm/supabase_admin}"",""defaclobjtype"":""r"",""privilege_type"":""UPDATE"",""defaclnamespace"":""realtime""}"
SA11_default_privileges,supabase_admin/realtime/TABLE,default_privilege,"{""grantee"":""postgres"",""grantor"":""supabase_admin"",""defaclrole"":""supabase_admin"",""is_grantable"":false,""defaclacl_raw"":""{postgres=arwdDxtm/supabase_admin,dashboard_user=arwdDxtm/supabase_admin}"",""defaclobjtype"":""r"",""privilege_type"":""TRIGGER"",""defaclnamespace"":""realtime""}"
SA11_default_privileges,supabase_admin/realtime/TABLE,default_privilege,"{""grantee"":""postgres"",""grantor"":""supabase_admin"",""defaclrole"":""supabase_admin"",""is_grantable"":false,""defaclacl_raw"":""{postgres=arwdDxtm/supabase_admin,dashboard_user=arwdDxtm/supabase_admin}"",""defaclobjtype"":""r"",""privilege_type"":""MAINTAIN"",""defaclnamespace"":""realtime""}"
SA11_default_privileges,supabase_admin/realtime/TABLE,default_privilege,"{""grantee"":""postgres"",""grantor"":""supabase_admin"",""defaclrole"":""supabase_admin"",""is_grantable"":false,""defaclacl_raw"":""{postgres=arwdDxtm/supabase_admin,dashboard_user=arwdDxtm/supabase_admin}"",""defaclobjtype"":""r"",""privilege_type"":""DELETE"",""defaclnamespace"":""realtime""}"
SA11_default_privileges,supabase_admin/realtime/TABLE,default_privilege,"{""grantee"":""postgres"",""grantor"":""supabase_admin"",""defaclrole"":""supabase_admin"",""is_grantable"":false,""defaclacl_raw"":""{postgres=arwdDxtm/supabase_admin,dashboard_user=arwdDxtm/supabase_admin}"",""defaclobjtype"":""r"",""privilege_type"":""TRUNCATE"",""defaclnamespace"":""realtime""}"
SA11_default_privileges,supabase_admin/realtime/TABLE,default_privilege,"{""grantee"":""dashboard_user"",""grantor"":""supabase_admin"",""defaclrole"":""supabase_admin"",""is_grantable"":false,""defaclacl_raw"":""{postgres=arwdDxtm/supabase_admin,dashboard_user=arwdDxtm/supabase_admin}"",""defaclobjtype"":""r"",""privilege_type"":""INSERT"",""defaclnamespace"":""realtime""}"
SA11_default_privileges,supabase_admin/realtime/TABLE,default_privilege,"{""grantee"":""dashboard_user"",""grantor"":""supabase_admin"",""defaclrole"":""supabase_admin"",""is_grantable"":false,""defaclacl_raw"":""{postgres=arwdDxtm/supabase_admin,dashboard_user=arwdDxtm/supabase_admin}"",""defaclobjtype"":""r"",""privilege_type"":""SELECT"",""defaclnamespace"":""realtime""}"
SA11_default_privileges,supabase_admin/realtime/TABLE,default_privilege,"{""grantee"":""dashboard_user"",""grantor"":""supabase_admin"",""defaclrole"":""supabase_admin"",""is_grantable"":false,""defaclacl_raw"":""{postgres=arwdDxtm/supabase_admin,dashboard_user=arwdDxtm/supabase_admin}"",""defaclobjtype"":""r"",""privilege_type"":""UPDATE"",""defaclnamespace"":""realtime""}"
SA11_default_privileges,supabase_admin/realtime/TABLE,default_privilege,"{""grantee"":""postgres"",""grantor"":""supabase_admin"",""defaclrole"":""supabase_admin"",""is_grantable"":false,""defaclacl_raw"":""{postgres=arwdDxtm/supabase_admin,dashboard_user=arwdDxtm/supabase_admin}"",""defaclobjtype"":""r"",""privilege_type"":""INSERT"",""defaclnamespace"":""realtime""}"
SA11_default_privileges,supabase_admin/realtime/TABLE,default_privilege,"{""grantee"":""postgres"",""grantor"":""supabase_admin"",""defaclrole"":""supabase_admin"",""is_grantable"":false,""defaclacl_raw"":""{postgres=arwdDxtm/supabase_admin,dashboard_user=arwdDxtm/supabase_admin}"",""defaclobjtype"":""r"",""privilege_type"":""SELECT"",""defaclnamespace"":""realtime""}"
SA11_default_privileges,supabase_admin/realtime/TABLE,default_privilege,"{""grantee"":""postgres"",""grantor"":""supabase_admin"",""defaclrole"":""supabase_admin"",""is_grantable"":false,""defaclacl_raw"":""{postgres=arwdDxtm/supabase_admin,dashboard_user=arwdDxtm/supabase_admin}"",""defaclobjtype"":""r"",""privilege_type"":""REFERENCES"",""defaclnamespace"":""realtime""}"
SA11_default_privileges,supabase_auth_admin/auth/FUNCTION,default_privilege,"{""grantee"":""dashboard_user"",""grantor"":""supabase_auth_admin"",""defaclrole"":""supabase_auth_admin"",""is_grantable"":false,""defaclacl_raw"":""{postgres=X/supabase_auth_admin,dashboard_user=X/supabase_auth_admin}"",""defaclobjtype"":""f"",""privilege_type"":""EXECUTE"",""defaclnamespace"":""auth""}"
SA11_default_privileges,supabase_auth_admin/auth/FUNCTION,default_privilege,"{""grantee"":""postgres"",""grantor"":""supabase_auth_admin"",""defaclrole"":""supabase_auth_admin"",""is_grantable"":false,""defaclacl_raw"":""{postgres=X/supabase_auth_admin,dashboard_user=X/supabase_auth_admin}"",""defaclobjtype"":""f"",""privilege_type"":""EXECUTE"",""defaclnamespace"":""auth""}"
SA11_default_privileges,supabase_auth_admin/auth/SEQUENCE,default_privilege,"{""grantee"":""dashboard_user"",""grantor"":""supabase_auth_admin"",""defaclrole"":""supabase_auth_admin"",""is_grantable"":false,""defaclacl_raw"":""{postgres=rwU/supabase_auth_admin,dashboard_user=rwU/supabase_auth_admin}"",""defaclobjtype"":""S"",""privilege_type"":""USAGE"",""defaclnamespace"":""auth""}"
SA11_default_privileges,supabase_auth_admin/auth/SEQUENCE,default_privilege,"{""grantee"":""postgres"",""grantor"":""supabase_auth_admin"",""defaclrole"":""supabase_auth_admin"",""is_grantable"":false,""defaclacl_raw"":""{postgres=rwU/supabase_auth_admin,dashboard_user=rwU/supabase_auth_admin}"",""defaclobjtype"":""S"",""privilege_type"":""SELECT"",""defaclnamespace"":""auth""}"
SA11_default_privileges,supabase_auth_admin/auth/SEQUENCE,default_privilege,"{""grantee"":""postgres"",""grantor"":""supabase_auth_admin"",""defaclrole"":""supabase_auth_admin"",""is_grantable"":false,""defaclacl_raw"":""{postgres=rwU/supabase_auth_admin,dashboard_user=rwU/supabase_auth_admin}"",""defaclobjtype"":""S"",""privilege_type"":""UPDATE"",""defaclnamespace"":""auth""}"
SA11_default_privileges,supabase_auth_admin/auth/SEQUENCE,default_privilege,"{""grantee"":""dashboard_user"",""grantor"":""supabase_auth_admin"",""defaclrole"":""supabase_auth_admin"",""is_grantable"":false,""defaclacl_raw"":""{postgres=rwU/supabase_auth_admin,dashboard_user=rwU/supabase_auth_admin}"",""defaclobjtype"":""S"",""privilege_type"":""SELECT"",""defaclnamespace"":""auth""}"
SA11_default_privileges,supabase_auth_admin/auth/SEQUENCE,default_privilege,"{""grantee"":""postgres"",""grantor"":""supabase_auth_admin"",""defaclrole"":""supabase_auth_admin"",""is_grantable"":false,""defaclacl_raw"":""{postgres=rwU/supabase_auth_admin,dashboard_user=rwU/supabase_auth_admin}"",""defaclobjtype"":""S"",""privilege_type"":""USAGE"",""defaclnamespace"":""auth""}"
SA11_default_privileges,supabase_auth_admin/auth/SEQUENCE,default_privilege,"{""grantee"":""dashboard_user"",""grantor"":""supabase_auth_admin"",""defaclrole"":""supabase_auth_admin"",""is_grantable"":false,""defaclacl_raw"":""{postgres=rwU/supabase_auth_admin,dashboard_user=rwU/supabase_auth_admin}"",""defaclobjtype"":""S"",""privilege_type"":""UPDATE"",""defaclnamespace"":""auth""}"
SA11_default_privileges,supabase_auth_admin/auth/TABLE,default_privilege,"{""grantee"":""dashboard_user"",""grantor"":""supabase_auth_admin"",""defaclrole"":""supabase_auth_admin"",""is_grantable"":false,""defaclacl_raw"":""{postgres=arwdDxtm/supabase_auth_admin,dashboard_user=arwdDxtm/supabase_auth_admin}"",""defaclobjtype"":""r"",""privilege_type"":""SELECT"",""defaclnamespace"":""auth""}"
SA11_default_privileges,supabase_auth_admin/auth/TABLE,default_privilege,"{""grantee"":""postgres"",""grantor"":""supabase_auth_admin"",""defaclrole"":""supabase_auth_admin"",""is_grantable"":false,""defaclacl_raw"":""{postgres=arwdDxtm/supabase_auth_admin,dashboard_user=arwdDxtm/supabase_auth_admin}"",""defaclobjtype"":""r"",""privilege_type"":""REFERENCES"",""defaclnamespace"":""auth""}"
SA11_default_privileges,supabase_auth_admin/auth/TABLE,default_privilege,"{""grantee"":""postgres"",""grantor"":""supabase_auth_admin"",""defaclrole"":""supabase_auth_admin"",""is_grantable"":false,""defaclacl_raw"":""{postgres=arwdDxtm/supabase_auth_admin,dashboard_user=arwdDxtm/supabase_auth_admin}"",""defaclobjtype"":""r"",""privilege_type"":""TRIGGER"",""defaclnamespace"":""auth""}"
SA11_default_privileges,supabase_auth_admin/auth/TABLE,default_privilege,"{""grantee"":""postgres"",""grantor"":""supabase_auth_admin"",""defaclrole"":""supabase_auth_admin"",""is_grantable"":false,""defaclacl_raw"":""{postgres=arwdDxtm/supabase_auth_admin,dashboard_user=arwdDxtm/supabase_auth_admin}"",""defaclobjtype"":""r"",""privilege_type"":""MAINTAIN"",""defaclnamespace"":""auth""}"
SA11_default_privileges,supabase_auth_admin/auth/TABLE,default_privilege,"{""grantee"":""dashboard_user"",""grantor"":""supabase_auth_admin"",""defaclrole"":""supabase_auth_admin"",""is_grantable"":false,""defaclacl_raw"":""{postgres=arwdDxtm/supabase_auth_admin,dashboard_user=arwdDxtm/supabase_auth_admin}"",""defaclobjtype"":""r"",""privilege_type"":""INSERT"",""defaclnamespace"":""auth""}"
SA11_default_privileges,supabase_auth_admin/auth/TABLE,default_privilege,"{""grantee"":""dashboard_user"",""grantor"":""supabase_auth_admin"",""defaclrole"":""supabase_auth_admin"",""is_grantable"":false,""defaclacl_raw"":""{postgres=arwdDxtm/supabase_auth_admin,dashboard_user=arwdDxtm/supabase_auth_admin}"",""defaclobjtype"":""r"",""privilege_type"":""MAINTAIN"",""defaclnamespace"":""auth""}"
SA11_default_privileges,supabase_auth_admin/auth/TABLE,default_privilege,"{""grantee"":""dashboard_user"",""grantor"":""supabase_auth_admin"",""defaclrole"":""supabase_auth_admin"",""is_grantable"":false,""defaclacl_raw"":""{postgres=arwdDxtm/supabase_auth_admin,dashboard_user=arwdDxtm/supabase_auth_admin}"",""defaclobjtype"":""r"",""privilege_type"":""TRIGGER"",""defaclnamespace"":""auth""}"
SA11_default_privileges,supabase_auth_admin/auth/TABLE,default_privilege,"{""grantee"":""dashboard_user"",""grantor"":""supabase_auth_admin"",""defaclrole"":""supabase_auth_admin"",""is_grantable"":false,""defaclacl_raw"":""{postgres=arwdDxtm/supabase_auth_admin,dashboard_user=arwdDxtm/supabase_auth_admin}"",""defaclobjtype"":""r"",""privilege_type"":""REFERENCES"",""defaclnamespace"":""auth""}"
SA11_default_privileges,supabase_auth_admin/auth/TABLE,default_privilege,"{""grantee"":""dashboard_user"",""grantor"":""supabase_auth_admin"",""defaclrole"":""supabase_auth_admin"",""is_grantable"":false,""defaclacl_raw"":""{postgres=arwdDxtm/supabase_auth_admin,dashboard_user=arwdDxtm/supabase_auth_admin}"",""defaclobjtype"":""r"",""privilege_type"":""UPDATE"",""defaclnamespace"":""auth""}"
SA11_default_privileges,supabase_auth_admin/auth/TABLE,default_privilege,"{""grantee"":""dashboard_user"",""grantor"":""supabase_auth_admin"",""defaclrole"":""supabase_auth_admin"",""is_grantable"":false,""defaclacl_raw"":""{postgres=arwdDxtm/supabase_auth_admin,dashboard_user=arwdDxtm/supabase_auth_admin}"",""defaclobjtype"":""r"",""privilege_type"":""DELETE"",""defaclnamespace"":""auth""}"
SA11_default_privileges,supabase_auth_admin/auth/TABLE,default_privilege,"{""grantee"":""postgres"",""grantor"":""supabase_auth_admin"",""defaclrole"":""supabase_auth_admin"",""is_grantable"":false,""defaclacl_raw"":""{postgres=arwdDxtm/supabase_auth_admin,dashboard_user=arwdDxtm/supabase_auth_admin}"",""defaclobjtype"":""r"",""privilege_type"":""INSERT"",""defaclnamespace"":""auth""}"
SA11_default_privileges,supabase_auth_admin/auth/TABLE,default_privilege,"{""grantee"":""dashboard_user"",""grantor"":""supabase_auth_admin"",""defaclrole"":""supabase_auth_admin"",""is_grantable"":false,""defaclacl_raw"":""{postgres=arwdDxtm/supabase_auth_admin,dashboard_user=arwdDxtm/supabase_auth_admin}"",""defaclobjtype"":""r"",""privilege_type"":""TRUNCATE"",""defaclnamespace"":""auth""}"
SA11_default_privileges,supabase_auth_admin/auth/TABLE,default_privilege,"{""grantee"":""postgres"",""grantor"":""supabase_auth_admin"",""defaclrole"":""supabase_auth_admin"",""is_grantable"":false,""defaclacl_raw"":""{postgres=arwdDxtm/supabase_auth_admin,dashboard_user=arwdDxtm/supabase_auth_admin}"",""defaclobjtype"":""r"",""privilege_type"":""SELECT"",""defaclnamespace"":""auth""}"
SA11_default_privileges,supabase_auth_admin/auth/TABLE,default_privilege,"{""grantee"":""postgres"",""grantor"":""supabase_auth_admin"",""defaclrole"":""supabase_auth_admin"",""is_grantable"":false,""defaclacl_raw"":""{postgres=arwdDxtm/supabase_auth_admin,dashboard_user=arwdDxtm/supabase_auth_admin}"",""defaclobjtype"":""r"",""privilege_type"":""UPDATE"",""defaclnamespace"":""auth""}"
SA11_default_privileges,supabase_auth_admin/auth/TABLE,default_privilege,"{""grantee"":""postgres"",""grantor"":""supabase_auth_admin"",""defaclrole"":""supabase_auth_admin"",""is_grantable"":false,""defaclacl_raw"":""{postgres=arwdDxtm/supabase_auth_admin,dashboard_user=arwdDxtm/supabase_auth_admin}"",""defaclobjtype"":""r"",""privilege_type"":""DELETE"",""defaclnamespace"":""auth""}"
SA11_default_privileges,supabase_auth_admin/auth/TABLE,default_privilege,"{""grantee"":""postgres"",""grantor"":""supabase_auth_admin"",""defaclrole"":""supabase_auth_admin"",""is_grantable"":false,""defaclacl_raw"":""{postgres=arwdDxtm/supabase_auth_admin,dashboard_user=arwdDxtm/supabase_auth_admin}"",""defaclobjtype"":""r"",""privilege_type"":""TRUNCATE"",""defaclnamespace"":""auth""}"
SA12_role_attributes,anon,role_attributes,"{""oid"":""16484"",""rolname"":""anon"",""rolsuper"":false,""rolinherit"":true,""rolcanlogin"":false,""rolcreatedb"":false,""rolbypassrls"":false,""rolconnlimit"":-1,""rolcreaterole"":false,""rolvaliduntil"":null,""rolreplication"":false}"
SA12_role_attributes,authenticated,role_attributes,"{""oid"":""16485"",""rolname"":""authenticated"",""rolsuper"":false,""rolinherit"":true,""rolcanlogin"":false,""rolcreatedb"":false,""rolbypassrls"":false,""rolconnlimit"":-1,""rolcreaterole"":false,""rolvaliduntil"":null,""rolreplication"":false}"
SA12_role_attributes,authenticator,role_attributes,"{""oid"":""16487"",""rolname"":""authenticator"",""rolsuper"":false,""rolinherit"":false,""rolcanlogin"":true,""rolcreatedb"":false,""rolbypassrls"":false,""rolconnlimit"":-1,""rolcreaterole"":false,""rolvaliduntil"":null,""rolreplication"":false}"
SA12_role_attributes,dashboard_user,role_attributes,"{""oid"":""16555"",""rolname"":""dashboard_user"",""rolsuper"":false,""rolinherit"":true,""rolcanlogin"":false,""rolcreatedb"":true,""rolbypassrls"":false,""rolconnlimit"":-1,""rolcreaterole"":true,""rolvaliduntil"":null,""rolreplication"":true}"
SA12_role_attributes,postgres,role_attributes,"{""oid"":""16388"",""rolname"":""postgres"",""rolsuper"":false,""rolinherit"":true,""rolcanlogin"":true,""rolcreatedb"":true,""rolbypassrls"":true,""rolconnlimit"":-1,""rolcreaterole"":true,""rolvaliduntil"":null,""rolreplication"":true}"
SA12_role_attributes,service_role,role_attributes,"{""oid"":""16486"",""rolname"":""service_role"",""rolsuper"":false,""rolinherit"":true,""rolcanlogin"":false,""rolcreatedb"":false,""rolbypassrls"":true,""rolconnlimit"":-1,""rolcreaterole"":false,""rolvaliduntil"":null,""rolreplication"":false}"
SA12_role_attributes,supabase_admin,role_attributes,"{""oid"":""10"",""rolname"":""supabase_admin"",""rolsuper"":true,""rolinherit"":true,""rolcanlogin"":true,""rolcreatedb"":true,""rolbypassrls"":true,""rolconnlimit"":-1,""rolcreaterole"":true,""rolvaliduntil"":null,""rolreplication"":true}"
SA12_role_attributes,supabase_auth_admin,role_attributes,"{""oid"":""16545"",""rolname"":""supabase_auth_admin"",""rolsuper"":false,""rolinherit"":false,""rolcanlogin"":true,""rolcreatedb"":false,""rolbypassrls"":false,""rolconnlimit"":-1,""rolcreaterole"":true,""rolvaliduntil"":null,""rolreplication"":false}"
SA12_role_attributes,supabase_etl_admin,role_attributes,"{""oid"":""16432"",""rolname"":""supabase_etl_admin"",""rolsuper"":false,""rolinherit"":true,""rolcanlogin"":true,""rolcreatedb"":false,""rolbypassrls"":true,""rolconnlimit"":-1,""rolcreaterole"":false,""rolvaliduntil"":null,""rolreplication"":true}"
SA12_role_attributes,supabase_privileged_role,role_attributes,"{""oid"":""16662"",""rolname"":""supabase_privileged_role"",""rolsuper"":false,""rolinherit"":true,""rolcanlogin"":false,""rolcreatedb"":false,""rolbypassrls"":false,""rolconnlimit"":-1,""rolcreaterole"":false,""rolvaliduntil"":null,""rolreplication"":false}"
SA12_role_attributes,supabase_read_only_user,role_attributes,"{""oid"":""16434"",""rolname"":""supabase_read_only_user"",""rolsuper"":false,""rolinherit"":true,""rolcanlogin"":true,""rolcreatedb"":false,""rolbypassrls"":true,""rolconnlimit"":-1,""rolcreaterole"":false,""rolvaliduntil"":null,""rolreplication"":false}"
SA12_role_attributes,supabase_realtime_admin,role_attributes,"{""oid"":""17310"",""rolname"":""supabase_realtime_admin"",""rolsuper"":false,""rolinherit"":false,""rolcanlogin"":false,""rolcreatedb"":false,""rolbypassrls"":false,""rolconnlimit"":-1,""rolcreaterole"":false,""rolvaliduntil"":null,""rolreplication"":false}"
SA12_role_attributes,supabase_replication_admin,role_attributes,"{""oid"":""16431"",""rolname"":""supabase_replication_admin"",""rolsuper"":false,""rolinherit"":true,""rolcanlogin"":true,""rolcreatedb"":false,""rolbypassrls"":false,""rolconnlimit"":-1,""rolcreaterole"":false,""rolvaliduntil"":null,""rolreplication"":true}"
SA12_role_attributes,supabase_storage_admin,role_attributes,"{""oid"":""16547"",""rolname"":""supabase_storage_admin"",""rolsuper"":false,""rolinherit"":false,""rolcanlogin"":true,""rolcreatedb"":false,""rolbypassrls"":false,""rolconnlimit"":-1,""rolcreaterole"":true,""rolvaliduntil"":null,""rolreplication"":false}"
SA13_role_memberships,anon has_member authenticator,role_membership,"{""role"":""anon"",""member"":""authenticator"",""grantor"":""supabase_admin"",""admin_option"":false}"
SA13_role_memberships,anon has_member postgres,role_membership,"{""role"":""anon"",""member"":""postgres"",""grantor"":""supabase_admin"",""admin_option"":true}"
SA13_role_memberships,authenticated has_member authenticator,role_membership,"{""role"":""authenticated"",""member"":""authenticator"",""grantor"":""supabase_admin"",""admin_option"":false}"
SA13_role_memberships,authenticated has_member postgres,role_membership,"{""role"":""authenticated"",""member"":""postgres"",""grantor"":""supabase_admin"",""admin_option"":true}"
SA13_role_memberships,authenticator has_member postgres,role_membership,"{""role"":""authenticator"",""member"":""postgres"",""grantor"":""supabase_admin"",""admin_option"":true}"
SA13_role_memberships,authenticator has_member supabase_storage_admin,role_membership,"{""role"":""authenticator"",""member"":""supabase_storage_admin"",""grantor"":""supabase_admin"",""admin_option"":false}"
SA13_role_memberships,pg_create_subscription has_member postgres,role_membership,"{""role"":""pg_create_subscription"",""member"":""postgres"",""grantor"":""supabase_admin"",""admin_option"":true}"
SA13_role_memberships,pg_monitor has_member postgres,role_membership,"{""role"":""pg_monitor"",""member"":""postgres"",""grantor"":""supabase_admin"",""admin_option"":true}"
SA13_role_memberships,pg_monitor has_member supabase_etl_admin,role_membership,"{""role"":""pg_monitor"",""member"":""supabase_etl_admin"",""grantor"":""supabase_admin"",""admin_option"":false}"
SA13_role_memberships,pg_monitor has_member supabase_read_only_user,role_membership,"{""role"":""pg_monitor"",""member"":""supabase_read_only_user"",""grantor"":""supabase_admin"",""admin_option"":false}"
SA13_role_memberships,pg_read_all_data has_member postgres,role_membership,"{""role"":""pg_read_all_data"",""member"":""postgres"",""grantor"":""supabase_admin"",""admin_option"":true}"
SA13_role_memberships,pg_read_all_data has_member supabase_etl_admin,role_membership,"{""role"":""pg_read_all_data"",""member"":""supabase_etl_admin"",""grantor"":""supabase_admin"",""admin_option"":false}"
SA13_role_memberships,pg_read_all_data has_member supabase_read_only_user,role_membership,"{""role"":""pg_read_all_data"",""member"":""supabase_read_only_user"",""grantor"":""supabase_admin"",""admin_option"":false}"
SA13_role_memberships,pg_read_all_settings has_member pg_monitor,role_membership,"{""role"":""pg_read_all_settings"",""member"":""pg_monitor"",""grantor"":""supabase_admin"",""admin_option"":false}"
SA13_role_memberships,pg_read_all_stats has_member pg_monitor,role_membership,"{""role"":""pg_read_all_stats"",""member"":""pg_monitor"",""grantor"":""supabase_admin"",""admin_option"":false}"
SA13_role_memberships,pg_signal_backend has_member postgres,role_membership,"{""role"":""pg_signal_backend"",""member"":""postgres"",""grantor"":""supabase_admin"",""admin_option"":true}"
SA13_role_memberships,pg_stat_scan_tables has_member pg_monitor,role_membership,"{""role"":""pg_stat_scan_tables"",""member"":""pg_monitor"",""grantor"":""supabase_admin"",""admin_option"":false}"
SA13_role_memberships,service_role has_member authenticator,role_membership,"{""role"":""service_role"",""member"":""authenticator"",""grantor"":""supabase_admin"",""admin_option"":false}"
SA13_role_memberships,service_role has_member postgres,role_membership,"{""role"":""service_role"",""member"":""postgres"",""grantor"":""supabase_admin"",""admin_option"":true}"
SA13_role_memberships,supabase_privileged_role has_member postgres,role_membership,"{""role"":""supabase_privileged_role"",""member"":""postgres"",""grantor"":""supabase_admin"",""admin_option"":false}"
SA13_role_memberships,supabase_privileged_role has_member supabase_etl_admin,role_membership,"{""role"":""supabase_privileged_role"",""member"":""supabase_etl_admin"",""grantor"":""supabase_admin"",""admin_option"":false}"
SA15_proposed_object_drift,no_drift_found,drift_absent,"{""note"":""No proposed Round 5 object names found in public schema — expected state before migration"",""checked_names"":[""generation_source_snapshots"",""generation_job_ledger"",""generation_job_requests""]}"
SA16_migration_history,auth.schema_migrations,migration_table_found,"{""name"":""schema_migrations"",""owner"":""supabase_auth_admin"",""schema"":""auth"",""relkind"":""r"",""relacl_raw"":""{supabase_auth_admin=arwdDxtm/supabase_auth_admin,postgres=r*/supabase_auth_admin}"",""column_count"":1}"
SA16_migration_history,auth.schema_migrations.version,migration_table_column,"{""attnum"":1,""schema"":""auth"",""notnull"":true,""data_type"":""varchar"",""table_name"":""schema_migrations"",""col_default"":null,""column_name"":""version""}"
SA16_migration_history,realtime.schema_migrations,migration_table_found,"{""name"":""schema_migrations"",""owner"":""supabase_admin"",""schema"":""realtime"",""relkind"":""r"",""relacl_raw"":""{supabase_admin=arwdDxtm/supabase_admin}"",""column_count"":2}"
SA16_migration_history,realtime.schema_migrations.inserted_at,migration_table_column,"{""attnum"":2,""schema"":""realtime"",""notnull"":false,""data_type"":""timestamp"",""table_name"":""schema_migrations"",""col_default"":null,""column_name"":""inserted_at""}"
SA16_migration_history,realtime.schema_migrations.version,migration_table_column,"{""attnum"":1,""schema"":""realtime"",""notnull"":true,""data_type"":""int8"",""table_name"":""schema_migrations"",""col_default"":null,""column_name"":""version""}"
SA16_migration_history,storage.migrations,migration_related_object,"{""name"":""migrations"",""owner"":""supabase_storage_admin"",""schema"":""storage"",""relkind"":""r"",""relacl_raw"":null}"
SA16_migration_history,supabase_migrations,schema_existence,"{""nspacl_raw"":null,""schema_name"":""supabase_migrations"",""schema_owner"":null,""schema_exists"":false,""to_regclass_result"":null}"
SA17_summary_counts,counts,summary,"{""default_acl_count"":24,""non_system_role_count"":14,""public_function_count"":5,""role_membership_count"":21,""migration_table_exists"":false}"
SA18_final_verification,transaction_verification,verification,"{""note"":""ROLLBACK follows — no data was modified by this inspection"",""current_database"":""postgres"",""transaction_read_only"":""on""}"